# MagicaVoxel @ Ephtracy

# group
o 

# material
mtllib vrach2-6.mtl
usemtl palette

# normals
vn -1 0 0
vn 1 0 0
vn 0 0 1
vn 0 0 -1
vn 0 -1 0
vn 0 1 0

# texcoords
vt 0.583984 0.5
vt 0.615234 0.5
vt 0.673828 0.5
vt 0.677734 0.5
vt 0.693359 0.5
vt 0.705078 0.5
vt 0.736328 0.5
vt 0.771484 0.5
vt 0.791016 0.5
vt 0.798828 0.5
vt 0.822266 0.5
vt 0.830078 0.5
vt 0.849609 0.5
vt 0.853516 0.5
vt 0.857422 0.5
vt 0.865234 0.5
vt 0.896484 0.5
vt 0.919922 0.5
vt 0.927734 0.5
vt 0.958984 0.5
vt 0.966797 0.5
vt 0.970703 0.5
vt 0.978516 0.5
vt 0.982422 0.5
vt 0.986328 0.5
vt 0.990234 0.5
vt 0.994141 0.5

# verts
v -1.2 -1.5 -0.3
v -1.2 -1.5 -0.4
v -1.2 -1.4 -0.1
v -1.2 -1.4 -0.3
v -1.2 -1.4 -0.4
v -1.2 -1.4 -0.6
v -1.2 -1.3 -0.1
v -1.2 -1.3 -0.3
v -1.2 -1.3 -0.4
v -1.2 -1.3 -0.6
v -1.2 -1.2 -0.1
v -1.2 -1.2 -0.2
v -1.2 -1.2 -0.3
v -1.2 -1.2 -0.4
v -1.2 -1.2 -0.5
v -1.2 -1.2 -0.6
v -1.2 -1.1 -0.2
v -1.2 -1.1 -0.3
v -1.2 -1.1 -0.4
v -1.2 -1.1 -0.5
v -1.2 -1 -0.1
v -1.2 -1 -0.6
v -1.2 -0.5 -0.2
v -1.2 -0.5 -0.3
v -1.2 -0.5 -0.5
v -1.2 -0.4 -0.2
v -1.2 -0.4 -0.3
v -1.2 -0.2 -0.2
v -1.2 -0.2 -0.3
v -1.2 -0.2 -0.4
v -1.2 -0.1 -0.3
v -1.2 -0.1 -0.4
v -1.2 -1.19209e-07 -0.3
v -1.2 -1.19209e-07 -0.4
v -1.2 0.0999999 -0.4
v -1.2 0.0999999 -0.5
v -1.1 -1.5 -0.1
v -1.1 -1.5 -0.3
v -1.1 -1.5 -0.4
v -1.1 -1.5 -0.6
v -1.1 -1.4 0
v -1.1 -1.4 -0.1
v -1.1 -1.4 -0.3
v -1.1 -1.4 -0.4
v -1.1 -1.4 -0.6
v -1.1 -1.4 -0.7
v -1.1 -1.3 0
v -1.1 -1.3 -0.1
v -1.1 -1.3 -0.6
v -1.1 -1.3 -0.7
v -1.1 -1.2 0
v -1.1 -1.2 -0.1
v -1.1 -1.2 -0.6
v -1.1 -1.2 -0.7
v -1.1 -1 0
v -1.1 -1 -0.1
v -1.1 -1 -0.2
v -1.1 -1 -0.5
v -1.1 -1 -0.6
v -1.1 -1 -0.7
v -1.1 -0.9 -0.1
v -1.1 -0.9 -0.2
v -1.1 -0.9 -0.3
v -1.1 -0.9 -0.4
v -1.1 -0.9 -0.5
v -1.1 -0.9 -0.6
v -1.1 -0.6 -0.3
v -1.1 -0.6 -0.4
v -1.1 -0.5 -0.1
v -1.1 -0.5 -0.2
v -1.1 -0.5 -0.3
v -1.1 -0.5 -0.5
v -1.1 -0.5 -0.6
v -1.1 -0.4 -0.1
v -1.1 -0.4 -0.2
v -1.1 -0.4 -0.5
v -1.1 -0.4 -0.6
v -1.1 -0.3 -0.5
v -1.1 -0.3 -0.6
v -1.1 -0.2 -0.1
v -1.1 -0.2 -0.2
v -1.1 -0.2 -0.3
v -1.1 -0.1 -0.3
v -1.1 -0.1 -0.5
v -1.1 -0.1 -0.6
v -1.1 -1.19209e-07 -0.2
v -1.1 -1.19209e-07 -0.3
v -1.1 -1.19209e-07 -0.4
v -1.1 -1.19209e-07 -0.5
v -1.1 -1.19209e-07 -0.6
v -1.1 0.0999999 -0.2
v -1.1 0.0999999 -0.3
v -1.1 0.0999999 -0.4
v -1.1 0.0999999 -0.5
v -1.1 0.0999999 -0.6
v -1.1 0.2 -0.3
v -1.1 0.2 -0.4
v -1.1 0.2 -0.5
v -1.1 0.2 -0.6
v -1.1 0.3 -0.3
v -1.1 0.3 -0.4
v -1.1 0.3 -0.5
v -1.1 0.3 -0.6
v -1 -1.5 0
v -1 -1.5 -0.1
v -1 -1.5 -0.6
v -1 -1.5 -0.7
v -1 -1.4 0
v -1 -1.4 -0.1
v -1 -1.4 -0.6
v -1 -1.4 -0.7
v -1 -0.9 -0.1
v -1 -0.9 -0.2
v -1 -0.9 -0.5
v -1 -0.9 -0.6
v -1 -0.8 -0.1
v -1 -0.8 -0.2
v -1 -0.8 -0.3
v -1 -0.8 -0.4
v -1 -0.8 -0.5
v -1 -0.8 -0.6
v -1 -0.7 -0.3
v -1 -0.7 -0.4
v -1 -0.7 -0.5
v -1 -0.7 -0.6
v -1 -0.5 -0.5
v -1 -0.5 -0.6
v -1 -0.5 -0.7
v -1 -0.4 -0.6
v -1 -0.4 -0.7
v -1 -0.3 -0.5
v -1 -0.3 -0.6
v -1 -0.3 -0.7
v -1 -0.2 -0.1
v -1 -0.2 -0.2
v -1 -0.2 -0.5
v -1 -0.2 -0.6
v -1 -0.2 -0.7
v -1 -0.1 -0.5
v -1 -0.1 -0.6
v -1 -1.19209e-07 -0.1
v -1 -1.19209e-07 -0.2
v -1 -1.19209e-07 -0.6
v -1 -1.19209e-07 -0.7
v -1 0.0999999 -0.2
v -1 0.0999999 -0.3
v -1 0.0999999 -0.6
v -1 0.0999999 -0.7
v -1 0.2 -0.1
v -1 0.2 -0.2
v -1 0.2 -0.3
v -1 0.3 -0.1
v -1 0.3 -0.2
v -1 0.3 -0.3
v -1 0.3 -0.4
v -1 0.3 -0.5
v -1 0.3 -0.6
v -1 0.4 -0.1
v -1 0.4 -0.3
v -1 0.4 -0.4
v -1 0.4 -0.6
v -0.9 -1.3 -0.5
v -0.9 -1.3 -0.6
v -0.9 -1.2 -0.5
v -0.9 -1.2 -0.6
v -0.9 -1.1 0
v -0.9 -1.1 -0.1
v -0.9 -1.1 -0.6
v -0.9 -1.1 -0.7
v -0.9 -1 0
v -0.9 -1 -0.1
v -0.9 -1 -0.6
v -0.9 -1 -0.7
v -0.9 -0.8 -0.5
v -0.9 -0.8 -0.6
v -0.9 -0.7 -0.2
v -0.9 -0.7 -0.3
v -0.9 -0.7 -0.5
v -0.9 -0.7 -0.6
v -0.9 -0.6 -0.2
v -0.9 -0.6 -0.3
v -0.9 -0.6 -0.5
v -0.9 -0.4 -0.3
v -0.9 -0.4 -0.5
v -0.9 -0.2 -0.6
v -0.9 -0.2 -0.7
v -0.9 -0.1 -0.6
v -0.9 -0.1 -0.7
v -0.9 -1.19209e-07 -0.6
v -0.9 -1.19209e-07 -0.7
v -0.9 0.0999999 -0.6
v -0.9 0.0999999 -0.7
v -0.9 0.3 -0.6
v -0.9 0.3 -0.7
v -0.9 0.4 -0.1
v -0.9 0.4 -0.3
v -0.9 0.4 -0.4
v -0.9 0.4 -0.6
v -0.9 0.5 -0.1
v -0.9 0.5 -0.6
v -0.8 -1.3 -0.1
v -0.8 -1.3 -0.5
v -0.8 -1.2 -0.1
v -0.8 -1.2 -0.5
v -0.8 -1.2 -0.6
v -0.8 -1.1 -0.1
v -0.8 -1.1 -0.2
v -0.8 -1.1 -0.5
v -0.8 -1.1 -0.6
v -0.8 0.3 -0.6
v -0.8 0.3 -0.7
v -0.8 0.4 -0.6
v -0.8 0.4 -0.7
v -0.8 0.5 -0.3
v -0.8 0.5 -0.6
v -0.8 0.6 -0.3
v -0.8 0.6 -0.6
v -0.7 -1.4 -0.6
v -0.7 -1.4 -0.8
v -0.7 -1.3 -0.6
v -0.7 -1.3 -0.8
v -0.7 -1.2 -0.6
v -0.7 -1.2 -0.7
v -0.7 -1.2 -0.8
v -0.7 -1.1 -0.7
v -0.7 -1.1 -0.8
v -0.7 -1 -0.3
v -0.7 -1 -0.6
v -0.7 -1 -0.7
v -0.7 -1 -0.8
v -0.7 -0.9 -0.5
v -0.7 -0.9 -0.6
v -0.7 -0.8 -0.3
v -0.7 -0.8 -0.4
v -0.7 -0.8 -0.5
v -0.7 -0.8 -0.6
v -0.7 -0.8 -0.7
v -0.7 -0.7 -0.4
v -0.7 -0.7 -0.6
v -0.7 0.0999999 -0.3
v -0.7 0.0999999 -0.4
v -0.7 0.2 -0.3
v -0.7 0.2 -0.4
v -0.7 0.2 -0.5
v -0.7 0.3 -0.4
v -0.7 0.3 -0.5
v -0.7 0.4 -0.6
v -0.7 0.4 -0.7
v -0.7 0.5 -0.2
v -0.7 0.5 -0.3
v -0.7 0.5 -0.6
v -0.7 0.5 -0.7
v -0.7 0.6 -0.2
v -0.7 0.6 -0.3
v -0.7 0.6 -0.5
v -0.7 0.7 -0.2
v -0.7 0.7 -0.3
v -0.7 0.7 -0.5
v -0.6 -1.4 -0.1
v -0.6 -1.4 -0.2
v -0.6 -1.3 -0.1
v -0.6 -1.3 -0.2
v -0.6 -1.2 -0.2
v -0.6 -1.1 -0.2
v -0.6 -1 -0.1
v -0.6 -1 -0.2
v -0.6 -1 -0.3
v -0.6 -1 -0.7
v -0.6 -1 -0.8
v -0.6 -0.9 -0.1
v -0.6 -0.9 -0.2
v -0.6 -0.8 -0.1
v -0.6 -0.8 -0.2
v -0.6 -0.8 -0.3
v -0.6 -0.8 -0.4
v -0.6 -0.8 -0.6
v -0.6 -0.8 -0.7
v -0.6 -0.8 -0.8
v -0.6 -0.7 -0.1
v -0.6 -0.7 -0.2
v -0.6 -0.7 -0.4
v -0.6 -0.7 -0.5
v -0.6 -0.7 -0.6
v -0.6 -0.6 -0.2
v -0.6 -0.6 -0.3
v -0.6 -0.6 -0.4
v -0.6 -0.6 -0.5
v -0.6 -0.6 -0.6
v -0.6 -0.6 -0.7
v -0.6 -0.5 -0.2
v -0.6 -0.5 -0.3
v -0.6 -0.3 -0.1
v -0.6 -0.3 -0.2
v -0.6 -0.2 -0.1
v -0.6 -0.2 -0.2
v -0.6 -0.2 -0.3
v -0.6 -0.2 -0.4
v -0.6 -0.1 -0.3
v -0.6 -0.1 -0.4
v -0.6 -1.19209e-07 -0.6
v -0.6 -1.19209e-07 -0.7
v -0.6 0.0999999 -0.1
v -0.6 0.0999999 -0.2
v -0.6 0.0999999 -0.3
v -0.6 0.0999999 -0.5
v -0.6 0.0999999 -0.6
v -0.6 0.0999999 -0.7
v -0.6 0.2 -0.2
v -0.6 0.2 -0.5
v -0.6 0.2 -0.6
v -0.6 0.3 -0.2
v -0.6 0.3 -0.3
v -0.6 0.4 -0.2
v -0.6 0.4 -0.3
v -0.6 0.5 -0.6
v -0.6 0.5 -0.7
v -0.6 0.6 -0.1
v -0.6 0.6 -0.2
v -0.6 0.6 -0.5
v -0.6 0.6 -0.6
v -0.6 0.6 -0.7
v -0.6 0.7 -0.2
v -0.6 0.7 -0.3
v -0.6 0.7 -0.5
v -0.6 0.7 -0.6
v -0.6 0.8 -0.2
v -0.6 0.8 -0.3
v -0.5 -1.8 0.1
v -0.5 -1.8 -0.6
v -0.5 -1.7 0.1
v -0.5 -1.7 0
v -0.5 -1.6 0
v -0.5 -1.6 -0.2
v -0.5 -1.6 -0.3
v -0.5 -1.6 -0.5
v -0.5 -1.6 -0.6
v -0.5 -1.4 0
v -0.5 -1.4 -0.1
v -0.5 -1.4 -0.2
v -0.5 -1.4 -0.3
v -0.5 -1.3 0
v -0.5 -1.3 -0.1
v -0.5 -1.3 -0.3
v -0.5 -1.1 -0.3
v -0.5 -1.1 -0.5
v -0.5 -1.1 -0.6
v -0.5 -1 -0.1
v -0.5 -0.9 -0.1
v -0.5 -0.8 -0.1
v -0.5 -0.8 -0.7
v -0.5 -0.8 -0.8
v -0.5 -0.7 -0.1
v -0.5 -0.7 -0.7
v -0.5 -0.7 -0.8
v -0.5 -0.6 -0.6
v -0.5 -0.6 -0.7
v -0.5 -0.3 -0.1
v -0.5 -0.3 -0.6
v -0.5 -0.3 -0.7
v -0.5 -0.2 -0.1
v -0.5 -0.2 -0.2
v -0.5 -0.2 -0.6
v -0.5 -0.2 -0.7
v -0.5 -0.1 0.1
v -0.5 -0.1 0
v -0.5 -0.1 -0.1
v -0.5 -1.19209e-07 -0.1
v -0.5 -1.19209e-07 -0.2
v -0.5 -1.19209e-07 -0.6
v -0.5 -1.19209e-07 -0.7
v -0.5 0.0999999 -0.1
v -0.5 0.0999999 -0.2
v -0.5 0.0999999 -0.4
v -0.5 0.0999999 -0.6
v -0.5 0.0999999 -0.7
v -0.5 0.2 0
v -0.5 0.2 -0.1
v -0.5 0.2 -0.2
v -0.5 0.2 -0.3
v -0.5 0.2 -0.4
v -0.5 0.2 -0.6
v -0.5 0.2 -0.7
v -0.5 0.3 -0.2
v -0.5 0.3 -0.3
v -0.5 0.3 -0.6
v -0.5 0.3 -0.7
v -0.5 0.4 -0.2
v -0.5 0.4 -0.3
v -0.5 0.5 -0.2
v -0.5 0.5 -0.3
v -0.5 0.6 0
v -0.5 0.6 -0.1
v -0.5 0.6 -0.2
v -0.5 0.6 -0.4
v -0.5 0.6 -0.5
v -0.5 0.7 0.1
v -0.5 0.7 0
v -0.5 0.7 -0.3
v -0.5 0.7 -0.4
v -0.5 0.7 -0.5
v -0.5 0.8 -0.2
v -0.5 0.8 -0.3
v -0.5 0.8 -0.4
v -0.5 0.9 -0.2
v -0.5 0.9 -0.3
v -0.5 1 0
v -0.5 1 -0.2
v -0.4 -1.8 0.2
v -0.4 -1.8 0.1
v -0.4 -1.7 0.2
v -0.4 -1.7 0.1
v -0.4 -1.7 0
v -0.4 -1.6 0.1
v -0.4 -1.6 0
v -0.4 -1.1 -0.2
v -0.4 -1.1 -0.3
v -0.4 -1.1 -0.5
v -0.4 -1.1 -0.6
v -0.4 -0.8 -0.2
v -0.4 -0.8 -0.3
v -0.4 -0.8 -0.5
v -0.4 -0.8 -0.6
v -0.4 -0.4 -0.1
v -0.4 -0.4 -0.2
v -0.4 -0.3 -0.1
v -0.4 -0.3 -0.2
v -0.4 -0.2 0.2
v -0.4 -0.2 0
v -0.4 -0.1 0.1
v -0.4 -0.1 0
v -0.4 -0.1 -0.1
v -0.4 -1.19209e-07 0
v -0.4 -1.19209e-07 -0.1
v -0.4 0.0999999 0
v -0.4 0.0999999 -0.1
v -0.4 0.2 0
v -0.4 0.2 -0.1
v -0.4 0.6 0.3
v -0.4 0.6 0.2
v -0.4 0.7 0.2
v -0.4 0.7 0.1
v -0.4 0.7 0
v -0.4 0.7 -0.4
v -0.4 0.7 -0.5
v -0.4 0.7 -0.6
v -0.4 0.8 0.3
v -0.4 0.8 0.2
v -0.4 0.8 0
v -0.4 0.8 -0.3
v -0.4 0.8 -0.4
v -0.4 0.8 -0.6
v -0.4 0.9 -0.2
v -0.4 0.9 -0.3
v -0.4 0.9 -0.4
v -0.4 1 0.2
v -0.4 1 0.1
v -0.4 1 0
v -0.4 1 -0.2
v -0.4 1 -0.3
v -0.4 1.1 0.1
v -0.4 1.1 0
v -0.4 1.1 -0.2
v -0.4 1.1 -0.3
v -0.4 1.2 0
v -0.4 1.2 -0.2
v -0.3 -0.5 -0.1
v -0.3 -0.5 -0.2
v -0.3 -0.4 -0.1
v -0.3 -0.4 -0.2
v -0.3 0.3 0
v -0.3 0.3 -0.1
v -0.3 0.4 -0.1
v -0.3 0.5 0.3
v -0.3 0.5 0.2
v -0.3 0.5 0
v -0.3 0.5 -0.1
v -0.3 0.6 0.3
v -0.3 0.6 0.2
v -0.3 0.8 0.3
v -0.3 0.8 0.2
v -0.3 0.8 -0.4
v -0.3 0.8 -0.5
v -0.3 0.9 0.3
v -0.3 0.9 0.2
v -0.3 0.9 -0.3
v -0.3 0.9 -0.4
v -0.3 0.9 -0.5
v -0.3 1 0.2
v -0.3 1 0.1
v -0.3 1 -0.3
v -0.3 1 -0.4
v -0.3 1.1 0.2
v -0.3 1.1 0.1
v -0.3 1.1 0
v -0.3 1.1 -0.2
v -0.3 1.1 -0.3
v -0.3 1.1 -0.4
v -0.3 1.2 0.1
v -0.3 1.2 0
v -0.3 1.2 -0.1
v -0.3 1.2 -0.2
v -0.3 1.3 0.1
v -0.3 1.3 0
v -0.3 1.3 -0.1
v -0.3 1.3 -0.2
v -0.3 1.3 -0.3
v -0.3 1.3 -0.4
v -0.3 1.4 0
v -0.3 1.4 -0.3
v -0.2 -1.19209e-07 0
v -0.2 -1.19209e-07 -0.1
v -0.2 0.0999999 0
v -0.2 0.0999999 -0.1
v -0.2 0.3 0.2
v -0.2 0.3 0.1
v -0.2 0.4 0.2
v -0.2 0.4 0.1
v -0.2 0.4 -0.1
v -0.2 0.4 -0.2
v -0.2 0.5 -0.1
v -0.2 0.5 -0.2
v -0.2 0.9 -0.4
v -0.2 0.9 -0.5
v -0.2 1 -0.4
v -0.2 1 -0.5
v -0.2 1.1 0.2
v -0.2 1.1 0.1
v -0.2 1.1 -0.4
v -0.2 1.1 -0.5
v -0.2 1.2 0.2
v -0.2 1.2 0.1
v -0.2 1.3 0.1
v -0.2 1.3 0
v -0.2 1.3 -0.3
v -0.2 1.3 -0.4
v -0.2 1.4 0.1
v -0.2 1.4 0
v -0.2 1.4 -0.3
v -0.2 1.4 -0.4
v -0.2 1.5 0
v -0.2 1.5 -0.3
v -0.1 -0.2 0
v -0.1 -0.2 -0.1
v -0.1 -0.1 0
v -0.1 -0.1 -0.1
v -0.1 -1.19209e-07 0
v -0.1 -1.19209e-07 -0.1
v -0.1 0.6 0.3
v -0.1 0.6 0.2
v -0.1 0.8 0.3
v -0.1 0.8 0.2
v -0.1 0.8 -0.5
v -0.1 0.8 -0.6
v -0.1 0.9 -0.5
v -0.1 0.9 -0.6
v -0.1 1 -0.5
v -0.1 1.1 -0.4
v -0.1 1.1 -0.5
v -0.1 1.1 -0.6
v -0.1 1.2 -0.4
v -0.1 1.2 -0.5
v 0 -1.8 0.2
v 0 -1.8 0.1
v 0 -1.8 -0.6
v 0 -1.7 0.2
v 0 -1.7 0.1
v 0 -1.7 0
v 0 -1.6 0.1
v 0 -1.6 0
v 0 -1.6 -0.2
v 0 -1.6 -0.3
v 0 -1.6 -0.5
v 0 -1.6 -0.6
v 0 -1.1 -0.2
v 0 -1.1 -0.3
v 0 -1.1 -0.5
v 0 -1.1 -0.6
v 0 -0.4 -0.1
v 0 -0.4 -0.2
v 0 -0.3 0
v 0 -0.3 -0.1
v 0 -0.3 -0.2
v 0 -0.2 0
v 0 -0.2 -0.1
v 0 -0.2 -0.2
v 0 -0.1 -0.1
v 0 -0.1 -0.2
v 0 -1.19209e-07 0
v 0 -1.19209e-07 -0.1
v 0 0.0999999 0
v 0 0.0999999 -0.1
v 0 0.3 -0.6
v 0 0.3 -0.7
v 0 0.4 -0.6
v 0 0.4 -0.7
v 0 0.5 0.3
v 0 0.5 0.2
v 0 0.5 -0.6
v 0 0.5 -0.7
v 0 0.6 0.3
v 0 0.6 0.2
v 0 0.8 0.3
v 0 0.8 0.2
v 0 0.9 0.3
v 0 0.9 0.2
v 0.0999999 -0.5 -0.1
v 0.0999999 -0.5 -0.2
v 0.0999999 -0.4 0
v 0.0999999 -0.4 -0.1
v 0.0999999 -0.4 -0.2
v 0.0999999 -0.3 0
v 0.0999999 -0.3 -0.1
v 0.0999999 -0.2 0
v 0.0999999 -0.2 -0.1
v 0.0999999 -0.1 0
v 0.0999999 -0.1 -0.1
v 0.0999999 -0.1 -0.2
v 0.0999999 -1.19209e-07 -0.1
v 0.0999999 -1.19209e-07 -0.2
v 0.0999999 0.0999999 0
v 0.0999999 0.0999999 -0.1
v 0.0999999 0.0999999 -0.2
v 0.0999999 0.2 0
v 0.0999999 0.2 -0.1
v 0.0999999 0.2 -0.2
v 0.0999999 0.5 -0.6
v 0.0999999 0.5 -0.7
v 0.0999999 0.6 -0.6
v 0.0999999 0.6 -0.7
v 0.2 -1.4 0
v 0.2 -1.4 -0.1
v 0.2 -0.5 -0.1
v 0.2 -0.4 0
v 0.2 -0.4 -0.1
v 0.2 -0.2 0.2
v 0.2 -0.2 0
v 0.2 -0.1 0
v 0.2 -0.1 -0.1
v 0.2 -1.19209e-07 0
v 0.2 -1.19209e-07 -0.1
v 0.2 -1.19209e-07 -0.2
v 0.2 0.0999999 0
v 0.2 0.0999999 -0.1
v 0.2 0.0999999 -0.2
v 0.2 0.2 0
v 0.2 0.3 0.1
v 0.2 0.3 0
v 0.2 0.4 0.2
v 0.2 0.4 0.1
v 0.2 0.6 0.3
v 0.2 0.6 0.2
v 0.2 0.7 0.2
v 0.2 0.8 0.3
v 0.2 0.8 0.2
v 0.3 0.2 0
v 0.3 0.2 -0.1
v 0.3 0.4 -0.1
v 0.3 0.4 -0.2
v 0.3 0.5 0
v 0.3 0.5 -0.1
v 0.3 0.5 -0.2
v 0.4 -1.4 -0.1
v 0.4 -1.4 -0.2
v 0.4 -1.3 -0.1
v 0.4 -1.3 -0.2
v 0.4 -1.2 -0.1
v 0.4 -1.2 -0.2
v 0.4 -1.1 -0.1
v 0.4 -1.1 -0.2
v 0.4 -1.1 -0.3
v 0.4 -1.1 -0.5
v 0.4 -1.1 -0.6
v 0.4 -1.1 -0.7
v 0.4 -1 -0.1
v 0.4 -0.9 -0.1
v 0.4 -0.8 -0.2
v 0.4 -0.8 -0.3
v 0.4 -0.8 -0.6
v 0.4 -0.8 -0.7
v 0.4 -0.5 -0.1
v 0.4 -0.5 -0.2
v 0.4 -0.4 -0.1
v 0.4 -0.4 -0.2
v 0.4 -0.3 -0.1
v 0.4 -0.3 -0.2
v 0.5 -1.4 -0.4
v 0.5 -1.4 -0.7
v 0.5 -1.3 -0.4
v 0.5 -1.3 -0.7
v 0.5 -1.2 -0.5
v 0.5 -1.2 -0.6
v 0.5 -1.1 -0.4
v 0.5 -1.1 -0.5
v 0.5 -1.1 -0.6
v 0.5 -1.1 -0.7
v 0.6 -0.2 -0.3
v 0.6 -0.2 -0.4
v 0.6 -1.19209e-07 -0.3
v 0.6 -1.19209e-07 -0.4
v 0.6 -1.19209e-07 -0.5
v 0.6 0.0999999 -0.2
v 0.6 0.0999999 -0.4
v 0.6 0.0999999 -0.5
v 0.6 0.2 -0.1
v 0.6 0.2 -0.2
v 0.6 0.2 -0.4
v 0.6 0.4 -0.1
v 0.6 0.4 -0.2
v 0.6 0.4 -0.3
v 0.6 0.5 -0.2
v 0.6 0.5 -0.3
v 0.7 -0.5 -0.2
v 0.7 -0.5 -0.6
v 0.7 -0.4 -0.6
v 0.7 -0.4 -0.7
v 0.7 -0.3 -0.1
v 0.7 -0.3 -0.2
v 0.7 -0.3 -0.6
v 0.7 -0.3 -0.7
v 0.7 -0.2 -0.1
v 0.7 -0.2 -0.2
v 0.7 -0.2 -0.3
v 0.7 -0.2 -0.4
v 0.7 -0.1 -0.6
v 0.7 -0.1 -0.7
v 0.7 -1.19209e-07 -0.3
v 0.7 -1.19209e-07 -0.4
v 0.7 -1.19209e-07 -0.5
v 0.7 -1.19209e-07 -0.6
v 0.7 -1.19209e-07 -0.7
v 0.7 0.0999999 -0.1
v 0.7 0.0999999 -0.2
v 0.7 0.0999999 -0.4
v 0.7 0.2 -0.1
v 0.7 0.2 -0.2
v 0.7 0.2 -0.5
v 0.7 0.2 -0.6
v 0.7 0.2 -0.7
v 0.7 0.3 -0.6
v 0.7 0.3 -0.7
v 0.7 0.4 -0.6
v 0.7 0.4 -0.7
v 0.8 -0.8 0.1
v 0.8 -0.8 0
v 0.8 -0.8 -0.2
v 0.8 -0.8 -0.3
v 0.8 -0.8 -0.5
v 0.8 -0.8 -0.6
v 0.8 -0.7 0.1
v 0.8 -0.7 0
v 0.8 -0.6 -0.3
v 0.8 -0.6 -0.5
v 0.8 -0.5 -0.1
v 0.8 -0.5 -0.2
v 0.8 -0.5 -0.6
v 0.8 -0.5 -0.7
v 0.8 -0.4 -0.6
v 0.8 -0.4 -0.7
v 0.8 -0.3 -0.1
v 0.8 -0.3 -0.2
v 0.8 0.2 -0.6
v 0.8 0.2 -0.7
v 0.8 0.3 -0.6
v 0.8 0.3 -0.7
v 0.9 -0.9 0.1
v 0.9 -0.9 0
v 0.9 -0.9 -0.2
v 0.9 -0.9 -0.3
v 0.9 -0.9 -0.4
v 0.9 -0.9 -0.5
v 0.9 -0.8 0.3
v 0.9 -0.8 0.1
v 0.9 -0.8 0
v 0.9 -0.8 -0.1
v 0.9 -0.8 -0.2
v 0.9 -0.8 -0.3
v 0.9 -0.8 -0.4
v 0.9 -0.8 -0.5
v 0.9 -0.8 -0.6
v 0.9 -0.8 -0.7
v 0.9 -0.7 0.3
v 0.9 -0.7 0.1
v 0.9 -0.7 0
v 0.9 -0.7 -0.1
v 0.9 -0.7 -0.2
v 0.9 -0.7 -0.3
v 0.9 -0.7 -0.4
v 0.9 -0.7 -0.5
v 0.9 -0.7 -0.6
v 0.9 -0.7 -0.7
v 0.9 -0.7 -0.8
v 0.9 -0.6 0.1
v 0.9 -0.6 0
v 0.9 -0.6 -0.7
v 0.9 -0.6 -0.8
v 1 -0.7 -0.2
v 1 -0.7 -0.3
v 1 -0.7 -0.4
v 1 -0.7 -0.5
v 1 -0.6 -0.2
v 1 -0.6 -0.3
v 1 -0.6 -0.4
v 1 -0.6 -0.5
v -1.1 -1.3 -0.1
v -1.1 -1.3 -0.3
v -1.1 -1.3 -0.4
v -1.1 -1.3 -0.6
v -1.1 -1.2 -0.1
v -1.1 -1.2 -0.2
v -1.1 -1.2 -0.3
v -1.1 -1.2 -0.4
v -1.1 -1.2 -0.5
v -1.1 -1.2 -0.6
v -1.1 -1.1 -0.2
v -1.1 -1.1 -0.3
v -1.1 -1.1 -0.4
v -1.1 -1.1 -0.5
v -1.1 -1.1 -0.6
v -1 -1.2 -0.1
v -1 -1.2 -0.2
v -1 -1.1 0
v -1 -1.1 -0.1
v -1 -1.1 -0.2
v -1 -1.1 -0.6
v -1 -1.1 -0.7
v -1 -1 0
v -1 -1 -0.1
v -1 -1 -0.6
v -1 -1 -0.7
v -1 -0.7 -0.2
v -1 -0.7 -0.3
v -1 -0.7 -0.4
v -1 -0.7 -0.5
v -1 -0.6 -0.2
v -1 -0.6 -0.3
v -1 -0.6 -0.4
v -1 -0.4 -0.3
v -1 -0.4 -0.5
v -0.9 -1.5 0
v -0.9 -1.5 -0.1
v -0.9 -1.5 -0.6
v -0.9 -1.5 -0.7
v -0.9 -1.4 0
v -0.9 -1.4 -0.1
v -0.9 -1.4 -0.6
v -0.9 -1.4 -0.7
v -0.9 -0.9 -0.1
v -0.9 -0.9 -0.2
v -0.9 -0.9 -0.3
v -0.9 -0.9 -0.4
v -0.9 -0.9 -0.5
v -0.9 -0.9 -0.6
v -0.9 -0.8 -0.1
v -0.9 -0.8 -0.2
v -0.9 -0.8 -0.3
v -0.9 -0.8 -0.4
v -0.9 -0.8 -0.5
v -0.9 -0.8 -0.6
v -0.9 -0.7 -0.3
v -0.9 -0.7 -0.5
v -0.8 -1.5 -0.1
v -0.8 -1.5 -0.6
v -0.8 -1.4 0
v -0.8 -1.4 -0.1
v -0.8 -1.4 -0.6
v -0.8 -1.4 -0.7
v -0.8 -1.3 0
v -0.8 -1.3 -0.1
v -0.8 -1.3 -0.6
v -0.8 -1.3 -0.7
v -0.8 -1.2 0
v -0.8 -1.2 -0.1
v -0.8 -1.2 -0.6
v -0.8 -1.2 -0.7
v -0.8 -1 0
v -0.8 -1 -0.1
v -0.8 -1 -0.2
v -0.8 -1 -0.5
v -0.8 -1 -0.6
v -0.8 -1 -0.7
v -0.8 -0.9 -0.1
v -0.8 -0.9 -0.2
v -0.8 -0.9 -0.5
v -0.8 -0.9 -0.6
v -0.8 -0.8 -0.2
v -0.8 -0.8 -0.3
v -0.8 -0.8 -0.5
v -0.8 -0.8 -0.6
v -0.8 -0.6 -0.3
v -0.8 -0.6 -0.5
v -0.8 -0.5 -0.1
v -0.8 -0.5 -0.2
v -0.8 -0.5 -0.3
v -0.8 -0.5 -0.5
v -0.8 -0.5 -0.6
v -0.8 -0.5 -0.7
v -0.8 -0.4 -0.2
v -0.8 -0.4 -0.3
v -0.8 -0.4 -0.5
v -0.8 -0.3 -0.1
v -0.8 -0.3 -0.2
v -0.8 -0.3 -0.4
v -0.8 -0.3 -0.5
v -0.8 -0.3 -0.6
v -0.8 -0.3 -0.7
v -0.8 -0.2 -0.3
v -0.8 -0.2 -0.4
v -0.8 -0.2 -0.5
v -0.8 -0.2 -0.6
v -0.8 -0.2 -0.7
v -0.8 -0.1 -0.3
v -0.8 -0.1 -0.5
v -0.8 -0.1 -0.6
v -0.8 -0.1 -0.7
v -0.8 -1.19209e-07 -0.2
v -0.8 -1.19209e-07 -0.3
v -0.8 -1.19209e-07 -0.4
v -0.8 -1.19209e-07 -0.5
v -0.8 -1.19209e-07 -0.6
v -0.8 -1.19209e-07 -0.7
v -0.8 0.2 -0.1
v -0.8 0.2 -0.2
v -0.8 0.2 -0.3
v -0.8 0.2 -0.4
v -0.8 0.2 -0.5
v -0.8 0.3 -0.4
v -0.8 0.3 -0.5
v -0.8 0.3 -0.6
v -0.8 0.3 -0.7
v -0.8 0.4 -0.1
v -0.8 0.4 -0.2
v -0.8 0.5 -0.1
v -0.8 0.5 -0.2
v -0.7 -1.4 -0.1
v -0.7 -1.4 -0.2
v -0.7 -1.3 -0.1
v -0.7 -1.3 -0.2
v -0.7 -1.2 -0.1
v -0.7 -1.2 -0.2
v -0.7 -1.1 -0.2
v -0.7 -1 -0.1
v -0.7 -1 -0.2
v -0.7 -0.5 -0.2
v -0.7 -0.5 -0.3
v -0.7 -0.5 -0.5
v -0.7 -0.5 -0.6
v -0.7 -0.4 -0.2
v -0.7 -0.4 -0.3
v -0.7 -0.4 -0.5
v -0.7 -0.3 -0.2
v -0.7 -0.3 -0.4
v -0.7 -0.3 -0.5
v -0.7 -0.3 -0.6
v -0.7 -0.2 -0.3
v -0.7 -0.2 -0.4
v -0.7 -0.2 -0.5
v -0.7 -0.2 -0.6
v -0.7 -0.1 -0.3
v -0.7 -0.1 -0.4
v -0.7 -0.1 -0.5
v -0.7 -0.1 -0.6
v -0.7 -1.19209e-07 -0.2
v -0.7 -1.19209e-07 -0.3
v -0.7 -1.19209e-07 -0.4
v -0.7 -1.19209e-07 -0.5
v -0.7 -1.19209e-07 -0.6
v -0.7 0.0999999 -0.3
v -0.7 0.0999999 -0.4
v -0.7 0.0999999 -0.5
v -0.7 0.2 -0.1
v -0.7 0.2 -0.2
v -0.7 0.2 -0.3
v -0.7 0.2 -0.5
v -0.7 0.2 -0.6
v -0.7 0.3 -0.2
v -0.7 0.3 -0.3
v -0.7 0.4 -0.1
v -0.7 0.4 -0.2
v -0.7 0.4 -0.3
v -0.6 -1.4 -0.3
v -0.6 -1.4 -0.7
v -0.6 -1.3 -0.3
v -0.6 -1.3 -0.7
v -0.6 -1.1 -0.3
v -0.6 -1.1 -0.7
v -0.6 0.0999999 -0.3
v -0.6 0.0999999 -0.4
v -0.6 0.2 -0.2
v -0.6 0.2 -0.3
v -0.6 0.2 -0.4
v -0.6 0.3 -0.2
v -0.6 0.3 -0.3
v -0.6 0.4 -0.2
v -0.6 0.4 -0.3
v -0.6 0.5 -0.2
v -0.6 0.5 -0.3
v -0.6 0.6 -0.4
v -0.6 0.6 -0.5
v -0.6 0.7 -0.4
v -0.6 0.7 -0.5
v -0.5 -1.4 -0.1
v -0.5 -1.4 -0.2
v -0.5 -1.3 -0.1
v -0.5 -1.3 -0.2
v -0.5 -1.1 -0.2
v -0.5 -1.1 -0.3
v -0.5 -1.1 -0.5
v -0.5 -1.1 -0.6
v -0.5 -1.1 -0.7
v -0.5 -1 -0.1
v -0.5 -1 -0.2
v -0.5 -0.9 -0.1
v -0.5 -0.9 -0.2
v -0.5 -0.9 -0.7
v -0.5 -0.8 -0.1
v -0.5 -0.8 -0.2
v -0.5 -0.8 -0.3
v -0.5 -0.8 -0.5
v -0.5 -0.8 -0.6
v -0.5 -0.8 -0.7
v -0.5 -0.7 -0.1
v -0.5 -0.7 -0.2
v -0.5 -0.3 -0.1
v -0.5 -0.3 -0.2
v -0.4 0.2 0
v -0.4 0.2 -0.1
v -0.4 0.4 -0.1
v -0.4 0.4 -0.2
v -0.4 0.5 0
v -0.4 0.5 -0.1
v -0.4 0.5 -0.2
v -0.3 -1.4 0
v -0.3 -1.4 -0.1
v -0.3 -0.5 -0.1
v -0.3 -0.4 0
v -0.3 -0.4 -0.1
v -0.3 -0.2 0.2
v -0.3 -0.2 0
v -0.3 -0.1 0
v -0.3 -0.1 -0.1
v -0.3 -1.19209e-07 0
v -0.3 -1.19209e-07 -0.1
v -0.3 -1.19209e-07 -0.2
v -0.3 0.0999999 0
v -0.3 0.0999999 -0.1
v -0.3 0.0999999 -0.2
v -0.3 0.2 0
v -0.3 0.3 0.1
v -0.3 0.3 0
v -0.3 0.4 0.2
v -0.3 0.4 0.1
v -0.3 0.6 0.3
v -0.3 0.6 0.2
v -0.3 0.7 0.2
v -0.3 0.8 0.3
v -0.3 0.8 0.2
v -0.2 -0.5 -0.1
v -0.2 -0.5 -0.2
v -0.2 -0.4 0
v -0.2 -0.4 -0.1
v -0.2 -0.4 -0.2
v -0.2 -0.3 0
v -0.2 -0.3 -0.1
v -0.2 -0.2 0
v -0.2 -0.2 -0.1
v -0.2 -0.1 0
v -0.2 -0.1 -0.1
v -0.2 -0.1 -0.2
v -0.2 -1.19209e-07 -0.1
v -0.2 -1.19209e-07 -0.2
v -0.2 0.0999999 0
v -0.2 0.0999999 -0.1
v -0.2 0.0999999 -0.2
v -0.2 0.2 0
v -0.2 0.2 -0.1
v -0.2 0.2 -0.2
v -0.2 0.5 -0.6
v -0.2 0.5 -0.7
v -0.2 0.6 -0.6
v -0.2 0.6 -0.7
v -0.1 -1.8 0.2
v -0.1 -1.8 0.1
v -0.1 -1.8 -0.6
v -0.1 -1.7 0.2
v -0.1 -1.7 0.1
v -0.1 -1.7 0
v -0.1 -1.6 0.1
v -0.1 -1.6 0
v -0.1 -1.6 -0.2
v -0.1 -1.6 -0.3
v -0.1 -1.6 -0.5
v -0.1 -1.6 -0.6
v -0.1 -1.1 -0.2
v -0.1 -1.1 -0.3
v -0.1 -1.1 -0.5
v -0.1 -1.1 -0.6
v -0.1 -0.4 -0.1
v -0.1 -0.4 -0.2
v -0.1 -0.3 0
v -0.1 -0.3 -0.1
v -0.1 -0.3 -0.2
v -0.1 -0.2 0
v -0.1 -0.2 -0.1
v -0.1 -0.2 -0.2
v -0.1 -0.1 -0.1
v -0.1 -0.1 -0.2
v -0.1 -1.19209e-07 0
v -0.1 -1.19209e-07 -0.1
v -0.1 0.0999999 0
v -0.1 0.0999999 -0.1
v -0.1 0.3 -0.6
v -0.1 0.3 -0.7
v -0.1 0.4 -0.6
v -0.1 0.4 -0.7
v -0.1 0.5 0.3
v -0.1 0.5 0.2
v -0.1 0.5 -0.6
v -0.1 0.5 -0.7
v -0.1 0.6 0.3
v -0.1 0.6 0.2
v -0.1 0.8 0.3
v -0.1 0.8 0.2
v -0.1 0.9 0.3
v -0.1 0.9 0.2
v 0 -0.2 0
v 0 -0.2 -0.1
v 0 -0.1 0
v 0 -0.1 -0.1
v 0 -1.19209e-07 0
v 0 -1.19209e-07 -0.1
v 0 0.6 0.3
v 0 0.6 0.2
v 0 0.8 0.3
v 0 0.8 0.2
v 0 0.8 -0.5
v 0 0.8 -0.6
v 0 0.9 -0.5
v 0 0.9 -0.6
v 0 1 -0.5
v 0 1.1 -0.4
v 0 1.1 -0.5
v 0 1.1 -0.6
v 0 1.2 -0.4
v 0 1.2 -0.5
v 0.0999999 -1.19209e-07 0
v 0.0999999 -1.19209e-07 -0.1
v 0.0999999 0.0999999 0
v 0.0999999 0.0999999 -0.1
v 0.0999999 0.3 0.2
v 0.0999999 0.3 0.1
v 0.0999999 0.4 0.2
v 0.0999999 0.4 0.1
v 0.0999999 0.4 -0.1
v 0.0999999 0.4 -0.2
v 0.0999999 0.5 -0.1
v 0.0999999 0.5 -0.2
v 0.0999999 0.9 -0.4
v 0.0999999 0.9 -0.5
v 0.0999999 1 -0.4
v 0.0999999 1 -0.5
v 0.0999999 1.1 0.2
v 0.0999999 1.1 0.1
v 0.0999999 1.1 -0.4
v 0.0999999 1.1 -0.5
v 0.0999999 1.2 0.2
v 0.0999999 1.2 0.1
v 0.0999999 1.3 0.1
v 0.0999999 1.3 0
v 0.0999999 1.3 -0.3
v 0.0999999 1.3 -0.4
v 0.0999999 1.4 0.1
v 0.0999999 1.4 0
v 0.0999999 1.4 -0.3
v 0.0999999 1.4 -0.4
v 0.0999999 1.5 0
v 0.0999999 1.5 -0.3
v 0.2 -0.5 -0.1
v 0.2 -0.5 -0.2
v 0.2 -0.4 -0.1
v 0.2 -0.4 -0.2
v 0.2 0.3 0
v 0.2 0.3 -0.1
v 0.2 0.4 -0.1
v 0.2 0.5 0.3
v 0.2 0.5 0.2
v 0.2 0.5 0
v 0.2 0.5 -0.1
v 0.2 0.6 0.3
v 0.2 0.6 0.2
v 0.2 0.8 0.3
v 0.2 0.8 0.2
v 0.2 0.8 -0.3
v 0.2 0.8 -0.5
v 0.2 0.9 0.3
v 0.2 0.9 0.2
v 0.2 0.9 -0.2
v 0.2 0.9 -0.3
v 0.2 0.9 -0.4
v 0.2 0.9 -0.5
v 0.2 1 0.2
v 0.2 1 0.1
v 0.2 1 -0.2
v 0.2 1 -0.3
v 0.2 1 -0.4
v 0.2 1.1 0.2
v 0.2 1.1 0.1
v 0.2 1.1 0
v 0.2 1.1 -0.1
v 0.2 1.1 -0.3
v 0.2 1.1 -0.4
v 0.2 1.2 0
v 0.2 1.2 -0.1
v 0.2 1.2 -0.2
v 0.2 1.2 -0.3
v 0.2 1.2 -0.4
v 0.2 1.3 0.1
v 0.2 1.3 0
v 0.2 1.3 -0.1
v 0.2 1.3 -0.2
v 0.2 1.3 -0.3
v 0.2 1.3 -0.4
v 0.2 1.4 0
v 0.2 1.4 -0.3
v 0.3 -1.8 0.2
v 0.3 -1.8 0.1
v 0.3 -1.7 0.2
v 0.3 -1.7 0.1
v 0.3 -1.7 0
v 0.3 -1.6 0.1
v 0.3 -1.6 0
v 0.3 -1.1 -0.2
v 0.3 -1.1 -0.3
v 0.3 -1.1 -0.5
v 0.3 -1.1 -0.6
v 0.3 -0.8 -0.2
v 0.3 -0.8 -0.3
v 0.3 -0.8 -0.5
v 0.3 -0.8 -0.6
v 0.3 -0.4 -0.1
v 0.3 -0.4 -0.2
v 0.3 -0.3 -0.1
v 0.3 -0.3 -0.2
v 0.3 -0.2 0.2
v 0.3 -0.2 0
v 0.3 -0.1 0.1
v 0.3 -0.1 0
v 0.3 -0.1 -0.1
v 0.3 -1.19209e-07 0
v 0.3 -1.19209e-07 -0.1
v 0.3 0.0999999 0
v 0.3 0.0999999 -0.1
v 0.3 0.2 0
v 0.3 0.2 -0.1
v 0.3 0.6 0.3
v 0.3 0.6 0.2
v 0.3 0.7 0.2
v 0.3 0.7 0.1
v 0.3 0.7 0
v 0.3 0.7 -0.2
v 0.3 0.7 -0.5
v 0.3 0.7 -0.6
v 0.3 0.8 0.3
v 0.3 0.8 0.2
v 0.3 0.8 0
v 0.3 0.8 -0.3
v 0.3 0.8 -0.6
v 0.3 0.9 -0.1
v 0.3 0.9 -0.2
v 0.3 0.9 -0.3
v 0.3 1 0.2
v 0.3 1 0.1
v 0.3 1 0
v 0.3 1 -0.1
v 0.3 1 -0.2
v 0.3 1 -0.3
v 0.3 1.1 0.1
v 0.3 1.1 0
v 0.3 1.1 -0.1
v 0.3 1.1 -0.3
v 0.3 1.2 0
v 0.3 1.2 -0.1
v 0.4 -1.8 0.1
v 0.4 -1.8 -0.6
v 0.4 -1.7 0.1
v 0.4 -1.7 0
v 0.4 -1.6 0
v 0.4 -1.6 -0.2
v 0.4 -1.6 -0.3
v 0.4 -1.6 -0.5
v 0.4 -1.6 -0.6
v 0.4 -1.4 0
v 0.4 -1.4 -0.1
v 0.4 -1.4 -0.2
v 0.4 -1.4 -0.3
v 0.4 -1.4 -0.4
v 0.4 -1.3 0
v 0.4 -1.3 -0.1
v 0.4 -1.3 -0.4
v 0.4 -1.2 -0.1
v 0.4 -1.1 -0.1
v 0.4 -1.1 -0.4
v 0.4 -1.1 -0.5
v 0.4 -1.1 -0.6
v 0.4 -1 0
v 0.4 -1 -0.1
v 0.4 -0.9 0
v 0.4 -0.9 -0.1
v 0.4 -0.8 -0.7
v 0.4 -0.8 -0.8
v 0.4 -0.7 -0.7
v 0.4 -0.7 -0.8
v 0.4 -0.6 -0.6
v 0.4 -0.6 -0.7
v 0.4 -0.5 -0.1
v 0.4 -0.4 -0.1
v 0.4 -0.3 0
v 0.4 -0.3 -0.1
v 0.4 -0.2 0
v 0.4 -0.2 -0.1
v 0.4 -0.2 -0.2
v 0.4 -0.2 -0.6
v 0.4 -0.2 -0.7
v 0.4 -0.1 0.1
v 0.4 -0.1 0
v 0.4 -0.1 -0.1
v 0.4 -0.1 -0.6
v 0.4 -0.1 -0.7
v 0.4 -1.19209e-07 -0.6
v 0.4 -1.19209e-07 -0.7
v 0.4 0.0999999 -0.1
v 0.4 0.0999999 -0.2
v 0.4 0.2 0
v 0.4 0.2 -0.1
v 0.4 0.5 -0.1
v 0.4 0.5 -0.2
v 0.4 0.6 0
v 0.4 0.6 -0.1
v 0.4 0.6 -0.2
v 0.4 0.6 -0.3
v 0.4 0.7 0.1
v 0.4 0.7 0
v 0.4 0.7 -0.1
v 0.4 0.7 -0.2
v 0.4 0.7 -0.3
v 0.4 0.9 -0.1
v 0.4 0.9 -0.2
v 0.4 1 0
v 0.4 1 -0.1
v 0.5 -1.4 -0.1
v 0.5 -1.4 -0.2
v 0.5 -1.3 -0.1
v 0.5 -1.3 -0.2
v 0.5 -1.2 -0.1
v 0.5 -1.2 -0.2
v 0.5 -1.1 -0.1
v 0.5 -1.1 -0.2
v 0.5 -1 -0.2
v 0.5 -1 -0.3
v 0.5 -1 -0.7
v 0.5 -1 -0.8
v 0.5 -0.9 -0.7
v 0.5 -0.9 -0.8
v 0.5 -0.8 -0.3
v 0.5 -0.8 -0.4
v 0.5 -0.8 -0.6
v 0.5 -0.8 -0.7
v 0.5 -0.8 -0.8
v 0.5 -0.7 -0.4
v 0.5 -0.7 -0.6
v 0.5 -0.6 -0.6
v 0.5 -0.6 -0.7
v 0.5 -0.5 -0.1
v 0.5 -0.5 -0.2
v 0.5 -0.4 -0.1
v 0.5 -0.4 -0.2
v 0.5 -0.2 -0.1
v 0.5 -0.2 -0.2
v 0.5 -1.19209e-07 -0.6
v 0.5 -1.19209e-07 -0.7
v 0.5 0.0999999 -0.4
v 0.5 0.0999999 -0.6
v 0.5 0.0999999 -0.7
v 0.5 0.2 -0.2
v 0.5 0.2 -0.4
v 0.5 0.4 -0.2
v 0.5 0.4 -0.3
v 0.5 0.4 -0.6
v 0.5 0.4 -0.7
v 0.5 0.5 -0.1
v 0.5 0.5 -0.2
v 0.5 0.5 -0.3
v 0.5 0.5 -0.6
v 0.5 0.5 -0.7
v 0.5 0.6 -0.2
v 0.5 0.6 -0.5
v 0.5 0.6 -0.6
v 0.5 0.7 -0.1
v 0.5 0.7 -0.2
v 0.5 0.7 -0.5
v 0.5 0.7 -0.6
v 0.6 -1.4 -0.2
v 0.6 -1.4 -0.8
v 0.6 -1.3 -0.2
v 0.6 -1.3 -0.8
v 0.6 -1.2 -0.5
v 0.6 -1.2 -0.6
v 0.6 -1.1 -0.5
v 0.6 -1.1 -0.6
v 0.6 -1 -0.2
v 0.6 -1 -0.3
v 0.6 -1 -0.4
v 0.6 -1 -0.5
v 0.6 -1 -0.7
v 0.6 -1 -0.8
v 0.6 -0.9 -0.4
v 0.6 -0.9 -0.5
v 0.6 -0.8 -0.3
v 0.6 -0.8 -0.4
v 0.6 -0.8 -0.6
v 0.6 -0.8 -0.7
v 0.6 -0.7 -0.4
v 0.6 -0.7 -0.6
v 0.6 0.0999999 -0.5
v 0.6 0.0999999 -0.7
v 0.6 0.2 -0.5
v 0.6 0.2 -0.6
v 0.6 0.3 -0.6
v 0.6 0.3 -0.7
v 0.6 0.4 -0.6
v 0.6 0.4 -0.7
v 0.6 0.5 -0.2
v 0.6 0.5 -0.3
v 0.6 0.5 -0.6
v 0.6 0.5 -0.7
v 0.6 0.6 -0.2
v 0.6 0.6 -0.3
v 0.6 0.6 -0.5
v 0.6 0.6 -0.6
v 0.6 0.6 -0.7
v 0.6 0.7 -0.3
v 0.6 0.7 -0.5
v 0.7 0.5 -0.3
v 0.7 0.5 -0.6
v 0.7 0.6 -0.3
v 0.7 0.6 -0.6
v 0.8 0.4 -0.2
v 0.8 0.4 -0.3
v 0.8 0.4 -0.4
v 0.8 0.4 -0.6
v 0.8 0.5 -0.2
v 0.8 0.5 -0.3
v 0.8 0.5 -0.6
v 0.9 -0.7 -0.2
v 0.9 -0.7 -0.3
v 0.9 -0.6 -0.2
v 0.9 -0.6 -0.3
v 0.9 -0.5 -0.6
v 0.9 -0.5 -0.7
v 0.9 -0.4 -0.6
v 0.9 -0.4 -0.7
v 0.9 -0.2 -0.6
v 0.9 -0.2 -0.7
v 0.9 -0.1 -0.6
v 0.9 -1.19209e-07 -0.6
v 0.9 0.0999999 -0.6
v 0.9 0.2 -0.6
v 0.9 0.2 -0.7
v 0.9 0.3 -0.1
v 0.9 0.3 -0.2
v 0.9 0.3 -0.4
v 0.9 0.3 -0.6
v 0.9 0.3 -0.7
v 0.9 0.4 -0.1
v 0.9 0.4 -0.2
v 0.9 0.4 -0.4
v 0.9 0.4 -0.7
v 1 -0.9 0.1
v 1 -0.9 0
v 1 -0.8 0.3
v 1 -0.8 0.1
v 1 -0.8 0
v 1 -0.8 -0.1
v 1 -0.8 -0.2
v 1 -0.8 -0.3
v 1 -0.8 -0.4
v 1 -0.8 -0.5
v 1 -0.8 -0.6
v 1 -0.8 -0.7
v 1 -0.7 0.3
v 1 -0.7 0.1
v 1 -0.7 0
v 1 -0.7 -0.1
v 1 -0.7 -0.2
v 1 -0.7 -0.3
v 1 -0.7 -0.4
v 1 -0.7 -0.5
v 1 -0.7 -0.6
v 1 -0.7 -0.7
v 1 -0.7 -0.8
v 1 -0.6 0.1
v 1 -0.6 0
v 1 -0.6 -0.7
v 1 -0.6 -0.8
v 1 -0.5 -0.5
v 1 -0.5 -0.6
v 1 -0.4 -0.5
v 1 -0.4 -0.6
v 1 -0.3 -0.5
v 1 -0.3 -0.6
v 1 -0.2 -0.5
v 1 -0.2 -0.6
v 1 -0.1 -0.1
v 1 -0.1 -0.2
v 1 -0.1 -0.3
v 1 -0.1 -0.5
v 1 -0.1 -0.6
v 1 -1.19209e-07 -0.3
v 1 -1.19209e-07 -0.4
v 1 -1.19209e-07 -0.5
v 1 -1.19209e-07 -0.6
v 1 0.0999999 -0.2
v 1 0.0999999 -0.3
v 1 0.0999999 -0.5
v 1 0.0999999 -0.6
v 1 0.2 -0.2
v 1 0.2 -0.3
v 1 0.2 -0.4
v 1 0.2 -0.5
v 1 0.3 -0.1
v 1 0.3 -0.6
v 1.1 -0.9 -0.2
v 1.1 -0.9 -0.3
v 1.1 -0.9 -0.4
v 1.1 -0.9 -0.5
v 1.1 -0.8 0.1
v 1.1 -0.8 0
v 1.1 -0.7 0.1
v 1.1 -0.7 0
v 1.1 -0.6 -0.3
v 1.1 -0.6 -0.4
v 1.1 -0.5 -0.1
v 1.1 -0.5 -0.2
v 1.1 -0.5 -0.4
v 1.1 -0.5 -0.5
v 1.1 -0.4 -0.1
v 1.1 -0.4 -0.2
v 1.1 -0.4 -0.4
v 1.1 -0.4 -0.5
v 1.1 -0.4 -0.6
v 1.1 -0.3 -0.1
v 1.1 -0.3 -0.2
v 1.1 -0.3 -0.3
v 1.1 -0.3 -0.4
v 1.1 -0.3 -0.5
v 1.1 -0.3 -0.6
v 1.1 -0.2 -0.1
v 1.1 -0.2 -0.2
v 1.1 -0.2 -0.3
v 1.1 -0.2 -0.4
v 1.1 -0.1 -0.1
v 1.1 -0.1 -0.2
v 1.1 -0.1 -0.3
v 1.1 -0.1 -0.4
v 1.1 -1.19209e-07 -0.3
v 1.1 -1.19209e-07 -0.4
v 1.1 0.2 -0.4
v 1.1 0.2 -0.5
v 1.2 -0.5 -0.2
v 1.2 -0.5 -0.4
v 1.2 -0.4 -0.4
v 1.2 -0.4 -0.5
v 1.2 -0.3 -0.2
v 1.2 -0.3 -0.3
v 1.2 -0.3 -0.4
v 1.2 -0.3 -0.5
v 1.2 -0.2 -0.3
v 1.2 -0.2 -0.4
v -0.4 0.6 0.3
v -0.4 0.8 0.3
v -0.3 0.5 0.3
v -0.3 0.6 0.3
v -0.3 0.8 0.3
v -0.3 0.9 0.3
v -0.1 0.5 0.3
v -0.1 0.6 0.3
v -0.1 0.8 0.3
v -0.1 0.9 0.3
v 0 0.5 0.3
v 0 0.6 0.3
v 0 0.8 0.3
v 0 0.9 0.3
v 0.2 0.5 0.3
v 0.2 0.6 0.3
v 0.2 0.8 0.3
v 0.2 0.9 0.3
v 0.3 0.6 0.3
v 0.3 0.8 0.3
v 0.9 -0.8 0.3
v 0.9 -0.7 0.3
v 1 -0.8 0.3
v 1 -0.7 0.3
v -0.4 -1.8 0.2
v -0.4 -1.7 0.2
v -0.4 -0.2 0.2
v -0.4 0.6 0.2
v -0.4 0.8 0.2
v -0.4 1 0.2
v -0.3 -0.2 0.2
v -0.3 0.4 0.2
v -0.3 0.5 0.2
v -0.3 0.6 0.2
v -0.3 0.7 0.2
v -0.3 0.8 0.2
v -0.3 0.9 0.2
v -0.3 1 0.2
v -0.3 1.1 0.2
v -0.2 0.3 0.2
v -0.2 0.4 0.2
v -0.2 0.6 0.2
v -0.2 0.7 0.2
v -0.2 0.9 0.2
v -0.2 1 0.2
v -0.2 1.1 0.2
v -0.2 1.2 0.2
v -0.1 -1.8 0.2
v -0.1 -1.7 0.2
v -0.1 0.3 0.2
v -0.1 0.4 0.2
v -0.1 0.5 0.2
v -0.1 0.6 0.2
v -0.1 0.8 0.2
v -0.1 0.9 0.2
v 0 -1.8 0.2
v 0 -1.7 0.2
v 0 0.3 0.2
v 0 0.4 0.2
v 0 0.5 0.2
v 0 0.6 0.2
v 0 0.8 0.2
v 0 0.9 0.2
v 0.0999999 0.3 0.2
v 0.0999999 0.4 0.2
v 0.0999999 0.6 0.2
v 0.0999999 0.7 0.2
v 0.0999999 0.9 0.2
v 0.0999999 1 0.2
v 0.0999999 1.1 0.2
v 0.0999999 1.2 0.2
v 0.2 -0.2 0.2
v 0.2 0.4 0.2
v 0.2 0.5 0.2
v 0.2 0.6 0.2
v 0.2 0.7 0.2
v 0.2 0.8 0.2
v 0.2 0.9 0.2
v 0.2 1 0.2
v 0.2 1.1 0.2
v 0.3 -1.8 0.2
v 0.3 -1.7 0.2
v 0.3 -0.2 0.2
v 0.3 0.6 0.2
v 0.3 0.8 0.2
v 0.3 1 0.2
v -0.5 -1.8 0.1
v -0.5 -1.7 0.1
v -0.5 -0.1 0.1
v -0.5 0.7 0.1
v -0.4 -1.8 0.1
v -0.4 -1.7 0.1
v -0.4 -1.6 0.1
v -0.4 -0.1 0.1
v -0.4 0.7 0.1
v -0.4 1 0.1
v -0.4 1.1 0.1
v -0.3 -1.7 0.1
v -0.3 -1.6 0.1
v -0.3 0.3 0.1
v -0.3 0.4 0.1
v -0.3 1 0.1
v -0.3 1.1 0.1
v -0.3 1.2 0.1
v -0.3 1.3 0.1
v -0.2 -1.7 0.1
v -0.2 -1.6 0.1
v -0.2 0.3 0.1
v -0.2 0.4 0.1
v -0.2 1.1 0.1
v -0.2 1.2 0.1
v -0.2 1.3 0.1
v -0.2 1.4 0.1
v -0.1 -1.7 0.1
v -0.1 -1.6 0.1
v -0.1 1.3 0.1
v -0.1 1.4 0.1
v 0 -1.7 0.1
v 0 -1.6 0.1
v 0 1.3 0.1
v 0 1.4 0.1
v 0.0999999 -1.7 0.1
v 0.0999999 -1.6 0.1
v 0.0999999 0.3 0.1
v 0.0999999 0.4 0.1
v 0.0999999 1.1 0.1
v 0.0999999 1.2 0.1
v 0.0999999 1.3 0.1
v 0.0999999 1.4 0.1
v 0.2 -1.7 0.1
v 0.2 -1.6 0.1
v 0.2 0.3 0.1
v 0.2 0.4 0.1
v 0.2 1 0.1
v 0.2 1.1 0.1
v 0.2 1.3 0.1
v 0.3 -1.8 0.1
v 0.3 -1.7 0.1
v 0.3 -1.6 0.1
v 0.3 -0.1 0.1
v 0.3 0.7 0.1
v 0.3 1 0.1
v 0.3 1.1 0.1
v 0.4 -1.8 0.1
v 0.4 -1.7 0.1
v 0.4 -0.1 0.1
v 0.4 0.7 0.1
v 0.8 -0.8 0.1
v 0.8 -0.7 0.1
v 0.9 -0.9 0.1
v 0.9 -0.8 0.1
v 0.9 -0.7 0.1
v 0.9 -0.6 0.1
v 1 -0.9 0.1
v 1 -0.8 0.1
v 1 -0.7 0.1
v 1 -0.6 0.1
v 1.1 -0.8 0.1
v 1.1 -0.7 0.1
v -1.1 -1.4 0
v -1.1 -1.3 0
v -1.1 -1.2 0
v -1.1 -1 0
v -1 -1.5 0
v -1 -1.4 0
v -1 -1.1 0
v -1 -1 0
v -0.9 -1.5 0
v -0.9 -1.4 0
v -0.9 -1.1 0
v -0.9 -1 0
v -0.8 -1.4 0
v -0.8 -1.3 0
v -0.8 -1.2 0
v -0.8 -1 0
v -0.5 -1.7 0
v -0.5 -1.6 0
v -0.5 -1.4 0
v -0.5 -1.3 0
v -0.5 -0.1 0
v -0.5 0.7 0
v -0.5 1 0
v -0.4 -1.7 0
v -0.4 -1.6 0
v -0.4 -1.3 0
v -0.4 -0.2 0
v -0.4 -0.1 0
v -0.4 0.7 0
v -0.4 0.8 0
v -0.4 1 0
v -0.4 1.1 0
v -0.4 1.2 0
v -0.3 -1.4 0
v -0.3 -0.4 0
v -0.3 -0.2 0
v -0.3 -0.1 0
v -0.3 0.0999999 0
v -0.3 0.2 0
v -0.3 1.1 0
v -0.3 1.2 0
v -0.3 1.3 0
v -0.3 1.4 0
v -0.2 -0.4 0
v -0.2 -0.3 0
v -0.2 -0.2 0
v -0.2 -0.1 0
v -0.2 -1.19209e-07 0
v -0.2 0.0999999 0
v -0.2 0.2 0
v -0.2 1.3 0
v -0.2 1.4 0
v -0.2 1.5 0
v -0.1 -0.3 0
v -0.1 -0.2 0
v -0.1 -0.1 0
v -0.1 -1.19209e-07 0
v -0.1 0.0999999 0
v -0.1 1.4 0
v 0 -0.3 0
v 0 -0.2 0
v 0 -0.1 0
v 0 -1.19209e-07 0
v 0 0.0999999 0
v 0 1.4 0
v 0.0999999 -0.4 0
v 0.0999999 -0.3 0
v 0.0999999 -0.2 0
v 0.0999999 -0.1 0
v 0.0999999 -1.19209e-07 0
v 0.0999999 0.0999999 0
v 0.0999999 0.2 0
v 0.0999999 1.3 0
v 0.0999999 1.4 0
v 0.0999999 1.5 0
v 0.2 -1.4 0
v 0.2 -0.4 0
v 0.2 -0.2 0
v 0.2 -0.1 0
v 0.2 0.0999999 0
v 0.2 0.2 0
v 0.2 1.1 0
v 0.2 1.2 0
v 0.2 1.3 0
v 0.2 1.4 0
v 0.3 -1.7 0
v 0.3 -1.6 0
v 0.3 -1.3 0
v 0.3 -1 0
v 0.3 -0.9 0
v 0.3 -0.3 0
v 0.3 -0.2 0
v 0.3 -0.1 0
v 0.3 0.7 0
v 0.3 0.8 0
v 0.3 1 0
v 0.3 1.1 0
v 0.3 1.2 0
v 0.4 -1.7 0
v 0.4 -1.6 0
v 0.4 -1.4 0
v 0.4 -1.3 0
v 0.4 -1 0
v 0.4 -0.9 0
v 0.4 -0.3 0
v 0.4 -0.2 0
v 0.4 -0.1 0
v 0.4 0.7 0
v 0.4 1 0
v -1.2 -1.4 -0.1
v -1.2 -1.3 -0.1
v -1.2 -1.2 -0.1
v -1.2 -1 -0.1
v -1.1 -1.5 -0.1
v -1.1 -1.4 -0.1
v -1.1 -1.3 -0.1
v -1.1 -1.2 -0.1
v -1.1 -1 -0.1
v -1.1 -0.9 -0.1
v -1.1 -0.5 -0.1
v -1.1 -0.4 -0.1
v -1.1 -0.2 -0.1
v -1 -1.5 -0.1
v -1 -1.4 -0.1
v -1 -1.1 -0.1
v -1 -1 -0.1
v -1 -0.9 -0.1
v -1 -0.8 -0.1
v -1 -0.5 -0.1
v -1 -0.4 -0.1
v -1 -0.2 -0.1
v -1 -1.19209e-07 -0.1
v -1 0.2 -0.1
v -1 0.3 -0.1
v -1 0.4 -0.1
v -0.9 -1.5 -0.1
v -0.9 -1.4 -0.1
v -0.9 -1.1 -0.1
v -0.9 -1 -0.1
v -0.9 -0.9 -0.1
v -0.9 -0.8 -0.1
v -0.9 -0.5 -0.1
v -0.9 -0.3 -0.1
v -0.9 -0.2 -0.1
v -0.9 -1.19209e-07 -0.1
v -0.9 0.2 -0.1
v -0.9 0.3 -0.1
v -0.9 0.4 -0.1
v -0.9 0.5 -0.1
v -0.8 -1.5 -0.1
v -0.8 -1.4 -0.1
v -0.8 -1.3 -0.1
v -0.8 -1.2 -0.1
v -0.8 -1 -0.1
v -0.8 -0.9 -0.1
v -0.8 -0.5 -0.1
v -0.8 -0.3 -0.1
v -0.8 0.2 -0.1
v -0.8 0.4 -0.1
v -0.8 0.5 -0.1
v -0.7 -1.4 -0.1
v -0.7 -1.3 -0.1
v -0.7 -1.2 -0.1
v -0.7 -1 -0.1
v -0.7 0.2 -0.1
v -0.7 0.4 -0.1
v -0.6 -1.4 -0.1
v -0.6 -1.3 -0.1
v -0.6 -1 -0.1
v -0.6 -0.9 -0.1
v -0.6 -0.8 -0.1
v -0.6 -0.7 -0.1
v -0.6 -0.3 -0.1
v -0.6 -0.2 -0.1
v -0.6 0.0999999 -0.1
v -0.6 0.6 -0.1
v -0.5 -1.4 -0.1
v -0.5 -1.3 -0.1
v -0.5 -1 -0.1
v -0.5 -0.9 -0.1
v -0.5 -0.8 -0.1
v -0.5 -0.7 -0.1
v -0.5 -0.3 -0.1
v -0.5 -0.2 -0.1
v -0.5 -0.1 -0.1
v -0.5 -1.19209e-07 -0.1
v -0.5 0.0999999 -0.1
v -0.5 0.2 -0.1
v -0.5 0.6 -0.1
v -0.4 -0.1 -0.1
v -0.4 -1.19209e-07 -0.1
v -0.4 0.0999999 -0.1
v -0.4 0.2 -0.1
v -0.4 0.4 -0.1
v -0.3 -0.5 -0.1
v -0.3 -0.4 -0.1
v -0.3 -0.1 -0.1
v -0.3 -1.19209e-07 -0.1
v -0.3 0.0999999 -0.1
v -0.3 0.2 -0.1
v -0.3 0.3 -0.1
v -0.3 0.4 -0.1
v -0.2 -0.5 -0.1
v -0.2 -0.4 -0.1
v -0.2 -0.3 -0.1
v -0.2 -0.2 -0.1
v -0.2 -0.1 -0.1
v -0.2 -1.19209e-07 -0.1
v -0.2 0.2 -0.1
v -0.2 0.3 -0.1
v -0.1 -0.4 -0.1
v -0.1 -0.3 -0.1
v -0.1 -0.2 -0.1
v -0.1 -0.1 -0.1
v 0 -0.4 -0.1
v 0 -0.3 -0.1
v 0 -0.2 -0.1
v 0 -0.1 -0.1
v 0.0999999 -0.5 -0.1
v 0.0999999 -0.4 -0.1
v 0.0999999 -0.3 -0.1
v 0.0999999 -0.2 -0.1
v 0.0999999 -0.1 -0.1
v 0.0999999 -1.19209e-07 -0.1
v 0.0999999 0.2 -0.1
v 0.0999999 0.3 -0.1
v 0.2 -0.5 -0.1
v 0.2 -0.4 -0.1
v 0.2 -0.1 -0.1
v 0.2 -1.19209e-07 -0.1
v 0.2 0.0999999 -0.1
v 0.2 0.2 -0.1
v 0.2 0.3 -0.1
v 0.2 0.4 -0.1
v 0.3 -0.1 -0.1
v 0.3 -1.19209e-07 -0.1
v 0.3 0.0999999 -0.1
v 0.3 0.2 -0.1
v 0.3 0.4 -0.1
v 0.4 -1.4 -0.1
v 0.4 -1.3 -0.1
v 0.4 -1.2 -0.1
v 0.4 -1.1 -0.1
v 0.4 -1 -0.1
v 0.4 -0.9 -0.1
v 0.4 -0.5 -0.1
v 0.4 -0.4 -0.1
v 0.4 -0.3 -0.1
v 0.4 -0.2 -0.1
v 0.4 -0.1 -0.1
v 0.4 0.0999999 -0.1
v 0.4 0.2 -0.1
v 0.4 0.5 -0.1
v 0.4 0.6 -0.1
v 0.4 0.7 -0.1
v 0.5 -1.4 -0.1
v 0.5 -1.3 -0.1
v 0.5 -1.2 -0.1
v 0.5 -1.1 -0.1
v 0.5 -0.5 -0.1
v 0.5 -0.4 -0.1
v 0.5 -0.2 -0.1
v 0.5 0.5 -0.1
v 0.5 0.7 -0.1
v 0.6 0.2 -0.1
v 0.6 0.4 -0.1
v 0.7 -0.3 -0.1
v 0.7 -0.2 -0.1
v 0.7 0.0999999 -0.1
v 0.7 0.2 -0.1
v 0.7 0.4 -0.1
v 0.8 -0.5 -0.1
v 0.8 -0.3 -0.1
v 0.9 -0.4 -0.1
v 0.9 -0.3 -0.1
v 0.9 -0.2 -0.1
v 0.9 0.0999999 -0.1
v 0.9 0.2 -0.1
v 0.9 0.3 -0.1
v 0.9 0.4 -0.1
v 1 -0.2 -0.1
v 1 -0.1 -0.1
v 1 0.3 -0.1
v 1.1 -0.5 -0.1
v 1.1 -0.4 -0.1
v 1.1 -0.3 -0.1
v 1.1 -0.2 -0.1
v 1.1 -0.1 -0.1
v -1.2 -0.5 -0.2
v -1.2 -0.4 -0.2
v -1.2 -0.2 -0.2
v -1.1 -0.9 -0.2
v -1.1 -0.5 -0.2
v -1.1 -0.4 -0.2
v -1.1 -0.2 -0.2
v -1.1 -1.19209e-07 -0.2
v -1.1 0.0999999 -0.2
v -1 -0.9 -0.2
v -1 -0.8 -0.2
v -1 -0.7 -0.2
v -1 -0.6 -0.2
v -1 -0.5 -0.2
v -1 -0.2 -0.2
v -1 -1.19209e-07 -0.2
v -1 0.0999999 -0.2
v -0.9 -0.8 -0.2
v -0.9 -0.7 -0.2
v -0.9 -0.6 -0.2
v -0.9 -0.5 -0.2
v -0.8 -0.8 -0.2
v -0.8 -0.5 -0.2
v -0.8 -0.4 -0.2
v -0.8 -0.3 -0.2
v -0.8 -1.19209e-07 -0.2
v -0.8 0.2 -0.2
v -0.8 0.4 -0.2
v -0.8 0.5 -0.2
v -0.7 -1.4 -0.2
v -0.7 -1.3 -0.2
v -0.7 -1.2 -0.2
v -0.7 -1.1 -0.2
v -0.7 -1 -0.2
v -0.7 -0.5 -0.2
v -0.7 -0.4 -0.2
v -0.7 -0.3 -0.2
v -0.7 -1.19209e-07 -0.2
v -0.7 0.2 -0.2
v -0.7 0.3 -0.2
v -0.7 0.4 -0.2
v -0.7 0.5 -0.2
v -0.7 0.6 -0.2
v -0.7 0.7 -0.2
v -0.6 -1.4 -0.2
v -0.6 -1.3 -0.2
v -0.6 -1.2 -0.2
v -0.6 -1.1 -0.2
v -0.6 -1 -0.2
v -0.6 -0.2 -0.2
v -0.6 0.0999999 -0.2
v -0.6 0.2 -0.2
v -0.6 0.3 -0.2
v -0.6 0.4 -0.2
v -0.6 0.6 -0.2
v -0.6 0.7 -0.2
v -0.6 0.8 -0.2
v -0.5 -1.6 -0.2
v -0.5 -1.4 -0.2
v -0.5 -1.3 -0.2
v -0.5 -1.1 -0.2
v -0.5 -0.8 -0.2
v -0.5 -0.7 -0.2
v -0.5 -0.3 -0.2
v -0.5 -0.2 -0.2
v -0.5 -1.19209e-07 -0.2
v -0.5 0.0999999 -0.2
v -0.5 0.6 -0.2
v -0.5 0.8 -0.2
v -0.4 -1.6 -0.2
v -0.4 -1.4 -0.2
v -0.4 -1.3 -0.2
v -0.4 -1.1 -0.2
v -0.4 -0.8 -0.2
v -0.4 -0.6 -0.2
v -0.4 -0.5 -0.2
v -0.4 -0.4 -0.2
v -0.4 -0.3 -0.2
v -0.4 0.4 -0.2
v -0.4 0.5 -0.2
v -0.3 -1.5 -0.2
v -0.3 -1.4 -0.2
v -0.3 -1.3 -0.2
v -0.3 -1.1 -0.2
v -0.3 -0.8 -0.2
v -0.3 -0.7 -0.2
v -0.3 -0.5 -0.2
v -0.3 -0.4 -0.2
v -0.3 -1.19209e-07 -0.2
v -0.3 0.0999999 -0.2
v -0.3 0.4 -0.2
v -0.3 0.5 -0.2
v -0.2 -1.6 -0.2
v -0.2 -1.5 -0.2
v -0.2 -1.4 -0.2
v -0.2 -1.1 -0.2
v -0.2 -0.8 -0.2
v -0.2 -0.7 -0.2
v -0.2 -0.6 -0.2
v -0.2 -0.5 -0.2
v -0.2 -0.4 -0.2
v -0.2 -0.1 -0.2
v -0.2 -1.19209e-07 -0.2
v -0.2 0.0999999 -0.2
v -0.2 0.2 -0.2
v -0.2 0.4 -0.2
v -0.2 0.5 -0.2
v -0.1 -1.6 -0.2
v -0.1 -1.1 -0.2
v -0.1 -1 -0.2
v -0.1 -0.4 -0.2
v -0.1 -0.3 -0.2
v -0.1 -0.2 -0.2
v -0.1 -0.1 -0.2
v 0 -1.6 -0.2
v 0 -1.1 -0.2
v 0 -1 -0.2
v 0 -0.9 -0.2
v 0 -0.4 -0.2
v 0 -0.3 -0.2
v 0 -0.2 -0.2
v 0 -0.1 -0.2
v 0.0999999 -1.6 -0.2
v 0.0999999 -1.4 -0.2
v 0.0999999 -1.3 -0.2
v 0.0999999 -1.1 -0.2
v 0.0999999 -1 -0.2
v 0.0999999 -0.9 -0.2
v 0.0999999 -0.6 -0.2
v 0.0999999 -0.5 -0.2
v 0.0999999 -0.4 -0.2
v 0.0999999 -0.1 -0.2
v 0.0999999 -1.19209e-07 -0.2
v 0.0999999 0.0999999 -0.2
v 0.0999999 0.2 -0.2
v 0.0999999 0.4 -0.2
v 0.0999999 0.5 -0.2
v 0.2 -1.4 -0.2
v 0.2 -1.3 -0.2
v 0.2 -1.2 -0.2
v 0.2 -1.1 -0.2
v 0.2 -0.8 -0.2
v 0.2 -0.5 -0.2
v 0.2 -0.4 -0.2
v 0.2 -1.19209e-07 -0.2
v 0.2 0.0999999 -0.2
v 0.2 0.4 -0.2
v 0.2 0.5 -0.2
v 0.3 -1.6 -0.2
v 0.3 -1.2 -0.2
v 0.3 -1.1 -0.2
v 0.3 -0.8 -0.2
v 0.3 -0.6 -0.2
v 0.3 -0.5 -0.2
v 0.3 -0.4 -0.2
v 0.3 -0.3 -0.2
v 0.3 0.4 -0.2
v 0.3 0.5 -0.2
v 0.4 -1.6 -0.2
v 0.4 -1.4 -0.2
v 0.4 -1.3 -0.2
v 0.4 -1.2 -0.2
v 0.4 -1.1 -0.2
v 0.4 -0.8 -0.2
v 0.4 -0.5 -0.2
v 0.4 -0.4 -0.2
v 0.4 -0.3 -0.2
v 0.4 -0.2 -0.2
v 0.4 0.0999999 -0.2
v 0.4 0.5 -0.2
v 0.5 -1.4 -0.2
v 0.5 -1.3 -0.2
v 0.5 -1.2 -0.2
v 0.5 -1.1 -0.2
v 0.5 -1 -0.2
v 0.5 -0.2 -0.2
v 0.5 0.2 -0.2
v 0.5 0.4 -0.2
v 0.5 0.5 -0.2
v 0.5 0.6 -0.2
v 0.6 -1.4 -0.2
v 0.6 -1.3 -0.2
v 0.6 -1 -0.2
v 0.6 0.0999999 -0.2
v 0.6 0.2 -0.2
v 0.6 0.4 -0.2
v 0.6 0.5 -0.2
v 0.6 0.6 -0.2
v 0.7 -0.5 -0.2
v 0.7 -0.3 -0.2
v 0.7 0.0999999 -0.2
v 0.7 0.2 -0.2
v 0.7 0.4 -0.2
v 0.7 0.5 -0.2
v 0.8 -0.8 -0.2
v 0.8 -0.5 -0.2
v 0.8 -0.3 -0.2
v 0.8 0.4 -0.2
v 0.8 0.5 -0.2
v 0.9 -0.9 -0.2
v 0.9 -0.8 -0.2
v 0.9 -0.7 -0.2
v 0.9 -0.6 -0.2
v 1 -0.8 -0.2
v 1 -0.7 -0.2
v 1 -0.6 -0.2
v 1.1 -0.9 -0.2
v 1.1 -0.5 -0.2
v 1.1 -0.4 -0.2
v 1.1 -0.3 -0.2
v 1.2 -0.5 -0.2
v 1.2 -0.3 -0.2
v -1.2 -1.5 -0.3
v -1.2 -1.4 -0.3
v -1.2 -0.2 -0.3
v -1.2 -0.1 -0.3
v -1.2 -1.19209e-07 -0.3
v -1.1 -1.5 -0.3
v -1.1 -1.4 -0.3
v -1.1 -0.2 -0.3
v -1.1 -0.1 -0.3
v -1.1 -1.19209e-07 -0.3
v -1.1 0.0999999 -0.3
v -1.1 0.2 -0.3
v -1.1 0.3 -0.3
v -1 0.0999999 -0.3
v -1 0.2 -0.3
v -1 0.3 -0.3
v -0.8 -0.2 -0.3
v -0.8 -0.1 -0.3
v -0.8 -1.19209e-07 -0.3
v -0.8 0.5 -0.3
v -0.8 0.6 -0.3
v -0.7 -1 -0.3
v -0.7 -0.8 -0.3
v -0.7 -0.2 -0.3
v -0.7 -0.1 -0.3
v -0.7 -1.19209e-07 -0.3
v -0.7 0.0999999 -0.3
v -0.7 0.2 -0.3
v -0.7 0.3 -0.3
v -0.7 0.4 -0.3
v -0.7 0.5 -0.3
v -0.7 0.6 -0.3
v -0.6 -1 -0.3
v -0.6 -0.8 -0.3
v -0.6 0.0999999 -0.3
v -0.6 0.2 -0.3
v -0.6 0.3 -0.3
v -0.6 0.4 -0.3
v -0.6 0.5 -0.3
v -0.5 0.2 -0.3
v -0.5 0.3 -0.3
v -0.5 0.4 -0.3
v -0.5 0.5 -0.3
v 0.4 0.6 -0.3
v 0.4 0.7 -0.3
v 0.5 -1 -0.3
v 0.5 -0.8 -0.3
v 0.5 0.4 -0.3
v 0.5 0.5 -0.3
v 0.5 0.6 -0.3
v 0.6 -1 -0.3
v 0.6 -0.8 -0.3
v 0.6 -0.2 -0.3
v 0.6 -1.19209e-07 -0.3
v 0.6 0.4 -0.3
v 0.6 0.5 -0.3
v 0.6 0.6 -0.3
v 0.6 0.7 -0.3
v 0.7 -0.2 -0.3
v 0.7 -1.19209e-07 -0.3
v 0.7 0.5 -0.3
v 0.7 0.6 -0.3
v 1 -0.1 -0.3
v 1 -1.19209e-07 -0.3
v 1.1 -0.3 -0.3
v 1.1 -0.2 -0.3
v 1.1 -0.1 -0.3
v 1.1 -1.19209e-07 -0.3
v 1.2 -0.3 -0.3
v 1.2 -0.2 -0.3
v -1.2 -1.19209e-07 -0.4
v -1.2 0.0999999 -0.4
v -1.1 -0.9 -0.4
v -1.1 -0.6 -0.4
v -1.1 -1.19209e-07 -0.4
v -1.1 0.0999999 -0.4
v -1 -0.8 -0.4
v -1 -0.7 -0.4
v -1 -0.6 -0.4
v -0.9 -0.9 -0.4
v -0.9 -0.8 -0.4
v -0.8 -0.3 -0.4
v -0.8 -0.2 -0.4
v -0.8 -1.19209e-07 -0.4
v -0.8 0.2 -0.4
v -0.7 -0.8 -0.4
v -0.7 -0.7 -0.4
v -0.7 -0.3 -0.4
v -0.7 -0.2 -0.4
v -0.7 -1.19209e-07 -0.4
v -0.7 0.0999999 -0.4
v -0.7 0.2 -0.4
v -0.6 -0.8 -0.4
v -0.6 -0.7 -0.4
v -0.6 0.0999999 -0.4
v -0.6 0.2 -0.4
v -0.5 0.0999999 -0.4
v -0.5 0.2 -0.4
v 0.5 -0.8 -0.4
v 0.5 -0.7 -0.4
v 0.5 0.0999999 -0.4
v 0.5 0.2 -0.4
v 0.6 -0.8 -0.4
v 0.6 -0.7 -0.4
v 0.6 -1.19209e-07 -0.4
v 0.6 0.0999999 -0.4
v 0.6 0.2 -0.4
v 0.7 -1.19209e-07 -0.4
v 0.7 0.0999999 -0.4
v 0.9 -0.9 -0.4
v 0.9 -0.8 -0.4
v 1 -0.8 -0.4
v 1 -0.7 -0.4
v 1 -0.6 -0.4
v 1 -1.19209e-07 -0.4
v 1 0.2 -0.4
v 1.1 -0.9 -0.4
v 1.1 -0.6 -0.4
v 1.1 -1.19209e-07 -0.4
v 1.1 0.2 -0.4
v -1.1 -1 -0.5
v -1.1 -0.9 -0.5
v -1 -1 -0.5
v -1 -0.9 -0.5
v -1 -0.7 -0.5
v -1 -0.4 -0.5
v -0.9 -1.3 -0.5
v -0.9 -1.2 -0.5
v -0.9 -1 -0.5
v -0.9 -0.9 -0.5
v -0.9 -0.8 -0.5
v -0.9 -0.7 -0.5
v -0.9 -0.6 -0.5
v -0.9 -0.4 -0.5
v -0.8 -1.3 -0.5
v -0.8 -1.2 -0.5
v -0.8 -1 -0.5
v -0.8 -0.9 -0.5
v -0.8 -0.8 -0.5
v -0.8 -0.6 -0.5
v -0.8 -0.5 -0.5
v -0.8 -0.4 -0.5
v -0.8 0.2 -0.5
v -0.8 0.3 -0.5
v -0.7 -0.5 -0.5
v -0.7 -0.4 -0.5
v -0.7 0.2 -0.5
v -0.7 0.3 -0.5
v -0.6 0.6 -0.5
v -0.6 0.7 -0.5
v -0.5 0.6 -0.5
v -0.5 0.7 -0.5
v 0.8 -0.8 -0.5
v 0.8 -0.6 -0.5
v 0.9 -0.8 -0.5
v 0.9 -0.7 -0.5
v 1 -0.7 -0.5
v 1 -0.6 -0.5
v -1.1 -1.3 -0.6
v -1.1 -1.2 -0.6
v -1.1 -1.1 -0.6
v -0.9 -1.3 -0.6
v -0.9 -1.2 -0.6
v -0.8 -1.2 -0.6
v -0.8 -1.1 -0.6
v -0.6 -1.4 -0.7
v -0.6 -1.3 -0.7
v -0.6 -1.1 -0.7
v -0.5 -1.1 -0.7
v -0.5 -0.9 -0.7
v -0.5 -0.8 -0.7
v -0.4 -1.1 -0.7
v -0.4 -0.9 -0.7
v -0.4 -0.8 -0.7
v -0.2 -1.3 -0.7
v -0.2 -1.2 -0.7
v -0.2 -1 -0.7
v -0.2 -0.9 -0.7
v -0.2 -0.8 -0.7
v -0.1 -1.3 -0.7
v -0.1 -1.2 -0.7
v -0.1 -1 -0.7
v -0.1 -0.9 -0.7
v 0 -0.9 -0.7
v 0 -0.8 -0.7
v 0.0999999 -1 -0.7
v 0.0999999 -0.9 -0.7
v 0.0999999 -0.8 -0.7
v 0.2 -0.9 -0.7
v 0.2 -0.8 -0.7
v 0.3 -1.2 -0.7
v 0.3 -1.1 -0.7
v 0.3 -1 -0.7
v 0.3 -0.9 -0.7
v 0.4 -1.2 -0.7
v 0.4 -1.1 -0.7
v 0.4 -0.8 -0.7
v 0.5 -1.4 -0.7
v 0.5 -1.3 -0.7
v 0.5 -1.1 -0.7
v 0.9 -0.7 -0.7
v 0.9 -0.6 -0.7
v 1 -0.7 -0.7
v 1 -0.6 -0.7
v -0.5 -0.1 0
v -0.5 0.2 0
v -0.4 -0.1 0
v -0.4 -1.19209e-07 0
v -0.4 0.0999999 0
v -0.4 0.2 0
v -0.4 0.5 0
v -0.3 -1.19209e-07 0
v -0.3 0.0999999 0
v -0.3 0.2 0
v -0.3 0.3 0
v -0.3 0.5 0
v 0.2 -1.19209e-07 0
v 0.2 0.0999999 0
v 0.2 0.2 0
v 0.2 0.3 0
v 0.2 0.5 0
v 0.3 -0.1 0
v 0.3 -1.19209e-07 0
v 0.3 0.0999999 0
v 0.3 0.2 0
v 0.3 0.5 0
v 0.4 -0.1 0
v 0.4 0.2 0
v 0.8 -0.8 0
v 0.8 -0.7 0
v 0.9 -0.9 0
v 0.9 -0.8 0
v 0.9 -0.7 0
v 0.9 -0.6 0
v 1 -0.9 0
v 1 -0.8 0
v 1 -0.7 0
v 1 -0.6 0
v 1.1 -0.8 0
v 1.1 -0.7 0
v -1.1 -1.3 -0.1
v -1.1 -1.2 -0.1
v -1 -1.2 -0.1
v -1 -1.1 -0.1
v -0.8 -1.3 -0.1
v -0.8 -1.2 -0.1
v -0.8 -1.1 -0.1
v -0.5 -1.4 -0.1
v -0.5 -1.3 -0.1
v -0.5 -1 -0.1
v -0.5 -0.9 -0.1
v -0.5 -0.8 -0.1
v -0.5 -0.7 -0.1
v -0.5 -0.3 -0.1
v -0.4 -1.3 -0.1
v -0.4 -0.4 -0.1
v -0.4 -0.3 -0.1
v -0.3 -1.4 -0.1
v -0.3 -0.5 -0.1
v -0.3 -0.4 -0.1
v -0.3 0.4 -0.1
v -0.3 0.5 -0.1
v -0.2 -1.19209e-07 -0.1
v -0.2 0.0999999 -0.1
v -0.2 0.4 -0.1
v -0.2 0.5 -0.1
v -0.1 -0.2 -0.1
v -0.1 -0.1 -0.1
v -0.1 -1.19209e-07 -0.1
v -0.1 0.0999999 -0.1
v 0 -0.2 -0.1
v 0 -0.1 -0.1
v 0 -1.19209e-07 -0.1
v 0 0.0999999 -0.1
v 0.0999999 -1.19209e-07 -0.1
v 0.0999999 0.0999999 -0.1
v 0.0999999 0.4 -0.1
v 0.0999999 0.5 -0.1
v 0.2 -1.4 -0.1
v 0.2 -0.5 -0.1
v 0.2 -0.4 -0.1
v 0.2 0.4 -0.1
v 0.2 0.5 -0.1
v 0.2 1.1 -0.1
v 0.2 1.2 -0.1
v 0.3 -1.3 -0.1
v 0.3 -1 -0.1
v 0.3 -0.9 -0.1
v 0.3 -0.4 -0.1
v 0.3 -0.3 -0.1
v 0.3 0.9 -0.1
v 0.3 1 -0.1
v 0.3 1.1 -0.1
v 0.3 1.2 -0.1
v 0.4 -1.4 -0.1
v 0.4 -1.3 -0.1
v 0.4 -1.2 -0.1
v 0.4 -1.1 -0.1
v 0.4 -1 -0.1
v 0.4 -0.9 -0.1
v 0.4 -0.5 -0.1
v 0.4 -0.4 -0.1
v 0.4 -0.3 -0.1
v 0.4 0.9 -0.1
v 0.4 1 -0.1
v -1.1 -1.2 -0.2
v -1.1 -1.1 -0.2
v -1.1 -1 -0.2
v -1.1 -0.9 -0.2
v -1 -1.2 -0.2
v -1 -1.1 -0.2
v -1 -1 -0.2
v -1 -0.9 -0.2
v -0.9 -1 -0.2
v -0.9 -0.9 -0.2
v -0.8 -1 -0.2
v -0.8 -0.9 -0.2
v -0.6 0.0999999 -0.2
v -0.6 0.2 -0.2
v -0.6 0.3 -0.2
v -0.6 0.4 -0.2
v -0.6 0.5 -0.2
v -0.5 0.0999999 -0.2
v -0.5 0.2 -0.2
v -0.5 0.3 -0.2
v -0.5 0.4 -0.2
v -0.5 0.5 -0.2
v -0.5 0.9 -0.2
v -0.5 1 -0.2
v -0.4 0.9 -0.2
v -0.4 1 -0.2
v -0.4 1.1 -0.2
v -0.4 1.2 -0.2
v -0.3 1.1 -0.2
v -0.3 1.2 -0.2
v 0.2 0.9 -0.2
v 0.2 1 -0.2
v 0.3 0.7 -0.2
v 0.3 0.9 -0.2
v 0.3 1 -0.2
v 0.4 0.6 -0.2
v 0.4 0.7 -0.2
v 0.4 0.9 -0.2
v 0.5 0.6 -0.2
v 0.5 0.7 -0.2
v -1.1 -0.9 -0.3
v -1.1 -0.6 -0.3
v -1 -0.8 -0.3
v -1 -0.7 -0.3
v -1 -0.6 -0.3
v -1 -0.4 -0.3
v -0.9 -0.9 -0.3
v -0.9 -0.8 -0.3
v -0.9 -0.7 -0.3
v -0.9 -0.6 -0.3
v -0.9 -0.4 -0.3
v -0.8 -0.8 -0.3
v -0.8 -0.6 -0.3
v -0.8 -0.5 -0.3
v -0.8 -0.4 -0.3
v -0.8 -1.19209e-07 -0.3
v -0.8 0.2 -0.3
v -0.7 -0.5 -0.3
v -0.7 -0.4 -0.3
v -0.7 -1.19209e-07 -0.3
v -0.7 0.0999999 -0.3
v -0.7 0.2 -0.3
v -0.6 -1.4 -0.3
v -0.6 -1.3 -0.3
v -0.6 -1.1 -0.3
v -0.6 0.7 -0.3
v -0.6 0.8 -0.3
v -0.5 -1.4 -0.3
v -0.5 -1.3 -0.3
v -0.5 -1.1 -0.3
v -0.5 0.7 -0.3
v -0.5 0.8 -0.3
v -0.5 0.9 -0.3
v -0.4 0.8 -0.3
v -0.4 0.9 -0.3
v -0.4 1 -0.3
v -0.4 1.1 -0.3
v -0.3 0.9 -0.3
v -0.3 1 -0.3
v -0.3 1.1 -0.3
v -0.3 1.3 -0.3
v -0.3 1.4 -0.3
v -0.2 1.3 -0.3
v -0.2 1.4 -0.3
v -0.2 1.5 -0.3
v -0.1 1.4 -0.3
v -0.1 1.5 -0.3
v 0 1.4 -0.3
v 0 1.5 -0.3
v 0.0999999 1.3 -0.3
v 0.0999999 1.4 -0.3
v 0.0999999 1.5 -0.3
v 0.2 0.8 -0.3
v 0.2 0.9 -0.3
v 0.2 1 -0.3
v 0.2 1.1 -0.3
v 0.2 1.3 -0.3
v 0.2 1.4 -0.3
v 0.3 0.8 -0.3
v 0.3 0.9 -0.3
v 0.3 1 -0.3
v 0.3 1.1 -0.3
v 0.8 -0.8 -0.3
v 0.8 -0.6 -0.3
v 0.9 -0.9 -0.3
v 0.9 -0.8 -0.3
v 0.9 -0.7 -0.3
v 0.9 -0.6 -0.3
v 1 -0.8 -0.3
v 1 -0.7 -0.3
v 1 -0.6 -0.3
v 1.1 -0.9 -0.3
v 1.1 -0.6 -0.3
v -1.2 -1.5 -0.4
v -1.2 -1.4 -0.4
v -1.1 -1.5 -0.4
v -1.1 -1.4 -0.4
v -0.8 0.2 -0.4
v -0.8 0.3 -0.4
v -0.7 0.2 -0.4
v -0.7 0.3 -0.4
v -0.6 0.6 -0.4
v -0.6 0.7 -0.4
v -0.5 0.6 -0.4
v -0.5 0.7 -0.4
v -0.5 0.8 -0.4
v -0.4 0.7 -0.4
v -0.4 0.8 -0.4
v -0.4 0.9 -0.4
v -0.3 0.8 -0.4
v -0.3 0.9 -0.4
v -0.3 1 -0.4
v -0.3 1.1 -0.4
v -0.3 1.3 -0.4
v -0.2 0.9 -0.4
v -0.2 1 -0.4
v -0.2 1.1 -0.4
v -0.2 1.3 -0.4
v -0.2 1.4 -0.4
v -0.1 1.1 -0.4
v -0.1 1.2 -0.4
v 0 1.1 -0.4
v 0 1.2 -0.4
v 0.0999999 0.9 -0.4
v 0.0999999 1 -0.4
v 0.0999999 1.1 -0.4
v 0.0999999 1.2 -0.4
v 0.0999999 1.3 -0.4
v 0.0999999 1.4 -0.4
v 0.2 0.9 -0.4
v 0.2 1 -0.4
v 0.2 1.1 -0.4
v 0.2 1.2 -0.4
v 0.2 1.3 -0.4
v 0.4 -1.4 -0.4
v 0.4 -1.3 -0.4
v 0.4 -1.1 -0.4
v 0.5 -1.4 -0.4
v 0.5 -1.3 -0.4
v 0.5 -1.1 -0.4
v 0.6 -0.2 -0.4
v 0.6 -1.19209e-07 -0.4
v 0.7 -0.2 -0.4
v 0.7 -1.19209e-07 -0.4
v 1.1 -0.5 -0.4
v 1.1 -0.4 -0.4
v 1.1 -0.3 -0.4
v 1.1 -0.2 -0.4
v 1.2 -0.5 -0.4
v 1.2 -0.4 -0.4
v 1.2 -0.3 -0.4
v 1.2 -0.2 -0.4
v -1.2 -0.5 -0.5
v -1.2 0.0999999 -0.5
v -1.1 -0.9 -0.5
v -1.1 -0.5 -0.5
v -1.1 -0.4 -0.5
v -1.1 -0.3 -0.5
v -1.1 -0.1 -0.5
v -1.1 -1.19209e-07 -0.5
v -1.1 0.0999999 -0.5
v -1 -0.9 -0.5
v -1 -0.8 -0.5
v -1 -0.7 -0.5
v -1 -0.5 -0.5
v -1 -0.3 -0.5
v -1 -0.2 -0.5
v -1 -0.1 -0.5
v -0.9 -0.8 -0.5
v -0.9 -0.7 -0.5
v -0.8 -0.3 -0.5
v -0.8 -0.2 -0.5
v -0.8 -0.1 -0.5
v -0.8 -1.19209e-07 -0.5
v -0.7 -0.3 -0.5
v -0.7 -0.2 -0.5
v -0.7 -0.1 -0.5
v -0.7 -1.19209e-07 -0.5
v -0.7 0.0999999 -0.5
v -0.7 0.2 -0.5
v -0.7 0.6 -0.5
v -0.7 0.7 -0.5
v -0.6 0.0999999 -0.5
v -0.6 0.2 -0.5
v -0.6 0.6 -0.5
v -0.6 0.7 -0.5
v -0.3 0.8 -0.5
v -0.3 0.9 -0.5
v -0.2 0.9 -0.5
v -0.2 1 -0.5
v -0.2 1.1 -0.5
v -0.1 0.8 -0.5
v -0.1 0.9 -0.5
v -0.1 1 -0.5
v -0.1 1.1 -0.5
v -0.1 1.2 -0.5
v 0 0.8 -0.5
v 0 0.9 -0.5
v 0 1 -0.5
v 0 1.1 -0.5
v 0 1.2 -0.5
v 0.0999999 0.9 -0.5
v 0.0999999 1 -0.5
v 0.0999999 1.1 -0.5
v 0.2 0.8 -0.5
v 0.2 0.9 -0.5
v 0.5 0.6 -0.5
v 0.5 0.7 -0.5
v 0.6 -1.19209e-07 -0.5
v 0.6 0.0999999 -0.5
v 0.6 0.2 -0.5
v 0.6 0.6 -0.5
v 0.6 0.7 -0.5
v 0.7 -1.19209e-07 -0.5
v 0.7 0.2 -0.5
v 0.9 -0.9 -0.5
v 0.9 -0.8 -0.5
v 1 -0.8 -0.5
v 1 -0.7 -0.5
v 1 -0.5 -0.5
v 1 -0.4 -0.5
v 1 -0.3 -0.5
v 1 -0.2 -0.5
v 1 -0.1 -0.5
v 1 -1.19209e-07 -0.5
v 1 0.0999999 -0.5
v 1 0.2 -0.5
v 1.1 -0.9 -0.5
v 1.1 -0.5 -0.5
v 1.1 -0.4 -0.5
v 1.1 -0.3 -0.5
v 1.1 0.2 -0.5
v 1.2 -0.4 -0.5
v 1.2 -0.3 -0.5
v -1.2 -1.4 -0.6
v -1.2 -1.3 -0.6
v -1.2 -1.2 -0.6
v -1.2 -1 -0.6
v -1.1 -1.5 -0.6
v -1.1 -1.4 -0.6
v -1.1 -1.3 -0.6
v -1.1 -1.2 -0.6
v -1.1 -1 -0.6
v -1.1 -0.9 -0.6
v -1.1 -0.5 -0.6
v -1.1 -0.4 -0.6
v -1.1 -0.3 -0.6
v -1.1 -0.1 -0.6
v -1.1 -1.19209e-07 -0.6
v -1.1 0.0999999 -0.6
v -1.1 0.2 -0.6
v -1.1 0.3 -0.6
v -1 -1.5 -0.6
v -1 -1.4 -0.6
v -1 -1.1 -0.6
v -1 -1 -0.6
v -1 -0.9 -0.6
v -1 -0.8 -0.6
v -1 -0.7 -0.6
v -1 -0.5 -0.6
v -1 -0.4 -0.6
v -1 -0.3 -0.6
v -1 -0.2 -0.6
v -1 -0.1 -0.6
v -1 -1.19209e-07 -0.6
v -1 0.0999999 -0.6
v -1 0.2 -0.6
v -1 0.3 -0.6
v -1 0.4 -0.6
v -0.9 -1.5 -0.6
v -0.9 -1.4 -0.6
v -0.9 -1.1 -0.6
v -0.9 -1 -0.6
v -0.9 -0.9 -0.6
v -0.9 -0.8 -0.6
v -0.9 -0.7 -0.6
v -0.9 -0.2 -0.6
v -0.9 -0.1 -0.6
v -0.9 -1.19209e-07 -0.6
v -0.9 0.0999999 -0.6
v -0.9 0.3 -0.6
v -0.9 0.4 -0.6
v -0.9 0.5 -0.6
v -0.8 -1.5 -0.6
v -0.8 -1.4 -0.6
v -0.8 -1.3 -0.6
v -0.8 -1.2 -0.6
v -0.8 -1 -0.6
v -0.8 -0.9 -0.6
v -0.8 -0.8 -0.6
v -0.8 -0.5 -0.6
v -0.8 -0.3 -0.6
v -0.8 -0.2 -0.6
v -0.8 -0.1 -0.6
v -0.8 -1.19209e-07 -0.6
v -0.8 0.3 -0.6
v -0.8 0.4 -0.6
v -0.8 0.5 -0.6
v -0.8 0.6 -0.6
v -0.7 -1.4 -0.6
v -0.7 -1.3 -0.6
v -0.7 -1.2 -0.6
v -0.7 -1 -0.6
v -0.7 -0.8 -0.6
v -0.7 -0.7 -0.6
v -0.7 -0.5 -0.6
v -0.7 -0.3 -0.6
v -0.7 -0.2 -0.6
v -0.7 -0.1 -0.6
v -0.7 -1.19209e-07 -0.6
v -0.7 0.2 -0.6
v -0.7 0.4 -0.6
v -0.7 0.5 -0.6
v -0.7 0.6 -0.6
v -0.6 -0.8 -0.6
v -0.6 -0.7 -0.6
v -0.6 -0.6 -0.6
v -0.6 -1.19209e-07 -0.6
v -0.6 0.0999999 -0.6
v -0.6 0.2 -0.6
v -0.6 0.5 -0.6
v -0.6 0.6 -0.6
v -0.6 0.7 -0.6
v -0.5 -1.8 -0.6
v -0.5 -1.6 -0.6
v -0.5 -1.1 -0.6
v -0.5 -0.6 -0.6
v -0.5 -0.3 -0.6
v -0.5 -0.2 -0.6
v -0.5 -1.19209e-07 -0.6
v -0.5 0.0999999 -0.6
v -0.5 0.2 -0.6
v -0.5 0.3 -0.6
v -0.4 -1.6 -0.6
v -0.4 -1.1 -0.6
v -0.4 -0.8 -0.6
v -0.4 0.6 -0.6
v -0.4 0.7 -0.6
v -0.4 0.8 -0.6
v -0.3 -1.1 -0.6
v -0.3 -0.8 -0.6
v -0.3 0.6 -0.6
v -0.3 0.7 -0.6
v -0.2 -1.6 -0.6
v -0.2 -1.1 -0.6
v -0.2 0.5 -0.6
v -0.2 0.6 -0.6
v -0.2 0.7 -0.6
v -0.1 -1.8 -0.6
v -0.1 -1.6 -0.6
v -0.1 -1.1 -0.6
v -0.1 -1 -0.6
v -0.1 0.3 -0.6
v -0.1 0.4 -0.6
v -0.1 0.5 -0.6
v -0.1 0.8 -0.6
v -0.1 0.9 -0.6
v -0.1 1.1 -0.6
v 0 -1.8 -0.6
v 0 -1.6 -0.6
v 0 -1.1 -0.6
v 0 -1 -0.6
v 0 0.3 -0.6
v 0 0.4 -0.6
v 0 0.5 -0.6
v 0 0.6 -0.6
v 0 0.7 -0.6
v 0 0.8 -0.6
v 0 0.9 -0.6
v 0 1.1 -0.6
v 0.0999999 -1.6 -0.6
v 0.0999999 -1.1 -0.6
v 0.0999999 0.5 -0.6
v 0.0999999 0.6 -0.6
v 0.0999999 0.7 -0.6
v 0.2 -1.1 -0.6
v 0.2 -0.8 -0.6
v 0.2 0.6 -0.6
v 0.2 0.7 -0.6
v 0.3 -1.6 -0.6
v 0.3 -1.1 -0.6
v 0.3 -0.8 -0.6
v 0.3 0.6 -0.6
v 0.3 0.7 -0.6
v 0.3 0.8 -0.6
v 0.4 -1.8 -0.6
v 0.4 -1.6 -0.6
v 0.4 -1.1 -0.6
v 0.4 -0.6 -0.6
v 0.4 -0.2 -0.6
v 0.4 -0.1 -0.6
v 0.4 -1.19209e-07 -0.6
v 0.4 0.6 -0.6
v 0.5 -0.8 -0.6
v 0.5 -0.7 -0.6
v 0.5 -0.6 -0.6
v 0.5 -1.19209e-07 -0.6
v 0.5 0.4 -0.6
v 0.5 0.5 -0.6
v 0.5 0.6 -0.6
v 0.5 0.7 -0.6
v 0.6 -0.8 -0.6
v 0.6 -0.7 -0.6
v 0.6 0.2 -0.6
v 0.6 0.3 -0.6
v 0.6 0.4 -0.6
v 0.6 0.5 -0.6
v 0.6 0.6 -0.6
v 0.7 -0.5 -0.6
v 0.7 -0.4 -0.6
v 0.7 0.2 -0.6
v 0.7 0.3 -0.6
v 0.7 0.4 -0.6
v 0.7 0.5 -0.6
v 0.7 0.6 -0.6
v 0.8 -0.8 -0.6
v 0.8 -0.5 -0.6
v 0.8 -0.4 -0.6
v 0.8 0.2 -0.6
v 0.8 0.3 -0.6
v 0.8 0.4 -0.6
v 0.8 0.5 -0.6
v 0.9 -0.8 -0.6
v 0.9 -0.7 -0.6
v 0.9 -0.5 -0.6
v 0.9 -0.4 -0.6
v 0.9 -0.2 -0.6
v 0.9 -0.1 -0.6
v 0.9 -1.19209e-07 -0.6
v 0.9 0.0999999 -0.6
v 0.9 0.2 -0.6
v 0.9 0.3 -0.6
v 1 -0.7 -0.6
v 1 -0.5 -0.6
v 1 -0.4 -0.6
v 1 -0.3 -0.6
v 1 -0.2 -0.6
v 1 -0.1 -0.6
v 1 -1.19209e-07 -0.6
v 1 0.0999999 -0.6
v 1 0.3 -0.6
v 1.1 -0.4 -0.6
v 1.1 -0.3 -0.6
v -1.1 -1.4 -0.7
v -1.1 -1.3 -0.7
v -1.1 -1.2 -0.7
v -1.1 -1 -0.7
v -1 -1.5 -0.7
v -1 -1.4 -0.7
v -1 -1.1 -0.7
v -1 -1 -0.7
v -1 -0.5 -0.7
v -1 -0.4 -0.7
v -1 -0.3 -0.7
v -1 -0.2 -0.7
v -1 -1.19209e-07 -0.7
v -1 0.0999999 -0.7
v -0.9 -1.5 -0.7
v -0.9 -1.4 -0.7
v -0.9 -1.1 -0.7
v -0.9 -1 -0.7
v -0.9 -0.4 -0.7
v -0.9 -0.3 -0.7
v -0.9 -0.2 -0.7
v -0.9 -0.1 -0.7
v -0.9 -1.19209e-07 -0.7
v -0.9 0.0999999 -0.7
v -0.9 0.3 -0.7
v -0.8 -1.4 -0.7
v -0.8 -1.3 -0.7
v -0.8 -1.2 -0.7
v -0.8 -1 -0.7
v -0.8 -0.5 -0.7
v -0.8 -0.3 -0.7
v -0.8 -0.2 -0.7
v -0.8 -0.1 -0.7
v -0.8 -1.19209e-07 -0.7
v -0.8 0.3 -0.7
v -0.8 0.4 -0.7
v -0.7 -1 -0.7
v -0.7 -0.8 -0.7
v -0.7 0.4 -0.7
v -0.7 0.5 -0.7
v -0.6 -1 -0.7
v -0.6 -0.8 -0.7
v -0.6 -0.6 -0.7
v -0.6 -1.19209e-07 -0.7
v -0.6 0.0999999 -0.7
v -0.6 0.5 -0.7
v -0.6 0.6 -0.7
v -0.5 -0.8 -0.7
v -0.5 -0.7 -0.7
v -0.5 -0.6 -0.7
v -0.5 -0.3 -0.7
v -0.5 -0.2 -0.7
v -0.5 -1.19209e-07 -0.7
v -0.5 0.0999999 -0.7
v -0.5 0.2 -0.7
v -0.5 0.3 -0.7
v -0.4 -0.7 -0.7
v -0.4 -0.6 -0.7
v -0.4 -0.3 -0.7
v -0.4 -0.2 -0.7
v -0.4 -1.19209e-07 -0.7
v -0.4 0.0999999 -0.7
v -0.4 0.2 -0.7
v -0.4 0.3 -0.7
v -0.4 0.4 -0.7
v -0.4 0.6 -0.7
v -0.3 -0.7 -0.7
v -0.3 -0.6 -0.7
v -0.3 -0.5 -0.7
v -0.3 -1.19209e-07 -0.7
v -0.3 0.0999999 -0.7
v -0.3 0.2 -0.7
v -0.3 0.4 -0.7
v -0.3 0.6 -0.7
v -0.2 -0.6 -0.7
v -0.2 -0.5 -0.7
v -0.2 -0.4 -0.7
v -0.2 -0.3 -0.7
v -0.2 -0.2 -0.7
v -0.2 -0.1 -0.7
v -0.2 0.2 -0.7
v -0.2 0.4 -0.7
v -0.2 0.5 -0.7
v -0.2 0.6 -0.7
v -0.1 -0.6 -0.7
v -0.1 -0.5 -0.7
v -0.1 -0.4 -0.7
v -0.1 -0.3 -0.7
v -0.1 0.3 -0.7
v -0.1 0.4 -0.7
v -0.1 0.5 -0.7
v 0 -0.6 -0.7
v 0 -0.5 -0.7
v 0 0.3 -0.7
v 0 0.4 -0.7
v 0 0.5 -0.7
v 0.0999999 -0.6 -0.7
v 0.0999999 -0.5 -0.7
v 0.0999999 -0.2 -0.7
v 0.0999999 -0.1 -0.7
v 0.0999999 0.2 -0.7
v 0.0999999 0.4 -0.7
v 0.0999999 0.5 -0.7
v 0.0999999 0.6 -0.7
v 0.2 -0.5 -0.7
v 0.2 0.0999999 -0.7
v 0.2 0.2 -0.7
v 0.2 0.3 -0.7
v 0.2 0.4 -0.7
v 0.3 -0.6 -0.7
v 0.3 -0.2 -0.7
v 0.3 -0.1 -0.7
v 0.3 0.0999999 -0.7
v 0.3 0.3 -0.7
v 0.3 0.4 -0.7
v 0.3 0.5 -0.7
v 0.3 0.6 -0.7
v 0.4 -0.8 -0.7
v 0.4 -0.7 -0.7
v 0.4 -0.6 -0.7
v 0.4 -0.2 -0.7
v 0.4 -0.1 -0.7
v 0.4 -1.19209e-07 -0.7
v 0.4 0.2 -0.7
v 0.4 0.3 -0.7
v 0.4 0.5 -0.7
v 0.4 0.6 -0.7
v 0.5 -1 -0.7
v 0.5 -0.9 -0.7
v 0.5 -0.8 -0.7
v 0.5 -0.6 -0.7
v 0.5 -1.19209e-07 -0.7
v 0.5 0.0999999 -0.7
v 0.5 0.2 -0.7
v 0.5 0.3 -0.7
v 0.5 0.4 -0.7
v 0.5 0.5 -0.7
v 0.5 0.6 -0.7
v 0.6 -1 -0.7
v 0.6 -0.8 -0.7
v 0.6 0.0999999 -0.7
v 0.6 0.3 -0.7
v 0.6 0.4 -0.7
v 0.6 0.5 -0.7
v 0.6 0.6 -0.7
v 0.7 -0.4 -0.7
v 0.7 -0.3 -0.7
v 0.7 -0.1 -0.7
v 0.7 -1.19209e-07 -0.7
v 0.7 0.2 -0.7
v 0.7 0.3 -0.7
v 0.7 0.4 -0.7
v 0.8 -0.5 -0.7
v 0.8 -0.4 -0.7
v 0.8 -0.3 -0.7
v 0.8 -0.2 -0.7
v 0.8 -0.1 -0.7
v 0.8 -1.19209e-07 -0.7
v 0.8 0.2 -0.7
v 0.8 0.3 -0.7
v 0.9 -0.8 -0.7
v 0.9 -0.7 -0.7
v 0.9 -0.5 -0.7
v 0.9 -0.4 -0.7
v 0.9 -0.2 -0.7
v 0.9 0.2 -0.7
v 0.9 0.3 -0.7
v 0.9 0.4 -0.7
v 1 -0.8 -0.7
v 1 -0.7 -0.7
v -0.7 -1.4 -0.8
v -0.7 -1.3 -0.8
v -0.7 -1.2 -0.8
v -0.7 -1.1 -0.8
v -0.7 -1 -0.8
v -0.6 -1.2 -0.8
v -0.6 -1.1 -0.8
v -0.6 -1 -0.8
v -0.6 -0.8 -0.8
v -0.5 -1.1 -0.8
v -0.5 -0.9 -0.8
v -0.5 -0.8 -0.8
v -0.5 -0.7 -0.8
v -0.4 -1.1 -0.8
v -0.4 -0.9 -0.8
v -0.4 -0.8 -0.8
v -0.4 -0.7 -0.8
v -0.3 -0.8 -0.8
v -0.3 -0.7 -0.8
v -0.2 -1.3 -0.8
v -0.2 -1.2 -0.8
v -0.2 -1 -0.8
v -0.2 -0.9 -0.8
v -0.2 -0.8 -0.8
v -0.1 -1.3 -0.8
v -0.1 -1.2 -0.8
v -0.1 -1 -0.8
v -0.1 -0.9 -0.8
v 0 -0.9 -0.8
v 0 -0.8 -0.8
v 0.0999999 -1 -0.8
v 0.0999999 -0.9 -0.8
v 0.0999999 -0.8 -0.8
v 0.2 -0.9 -0.8
v 0.2 -0.8 -0.8
v 0.3 -1.2 -0.8
v 0.3 -1.1 -0.8
v 0.3 -1 -0.8
v 0.3 -0.9 -0.8
v 0.4 -1.2 -0.8
v 0.4 -1.1 -0.8
v 0.4 -0.9 -0.8
v 0.4 -0.8 -0.8
v 0.4 -0.7 -0.8
v 0.5 -1 -0.8
v 0.5 -0.9 -0.8
v 0.5 -0.8 -0.8
v 0.6 -1.4 -0.8
v 0.6 -1.3 -0.8
v 0.6 -1 -0.8
v 0.9 -0.7 -0.8
v 0.9 -0.6 -0.8
v 1 -0.7 -0.8
v 1 -0.6 -0.8
v -0.4 -1.8 0.2
v -0.1 -1.8 0.2
v 0 -1.8 0.2
v 0.3 -1.8 0.2
v -0.5 -1.8 0.1
v -0.4 -1.8 0.1
v -0.1 -1.8 0.1
v 0 -1.8 0.1
v 0.3 -1.8 0.1
v 0.4 -1.8 0.1
v -0.5 -1.8 -0.6
v -0.1 -1.8 -0.6
v 0 -1.8 -0.6
v 0.4 -1.8 -0.6
v -1 -1.5 0
v -0.9 -1.5 0
v -1.1 -1.5 -0.1
v -1 -1.5 -0.1
v -0.9 -1.5 -0.1
v -0.8 -1.5 -0.1
v -1.2 -1.5 -0.3
v -1.1 -1.5 -0.3
v -1.2 -1.5 -0.4
v -1.1 -1.5 -0.4
v -1.1 -1.5 -0.6
v -1 -1.5 -0.6
v -0.9 -1.5 -0.6
v -0.8 -1.5 -0.6
v -1 -1.5 -0.7
v -0.9 -1.5 -0.7
v -1.1 -1.4 0
v -1 -1.4 0
v -0.9 -1.4 0
v -0.8 -1.4 0
v -0.5 -1.4 0
v -0.3 -1.4 0
v 0.2 -1.4 0
v 0.4 -1.4 0
v -1.2 -1.4 -0.1
v -1.1 -1.4 -0.1
v -1 -1.4 -0.1
v -0.9 -1.4 -0.1
v -0.8 -1.4 -0.1
v -0.7 -1.4 -0.1
v -0.6 -1.4 -0.1
v -0.5 -1.4 -0.1
v -0.3 -1.4 -0.1
v 0.2 -1.4 -0.1
v 0.4 -1.4 -0.1
v 0.5 -1.4 -0.1
v -0.7 -1.4 -0.2
v -0.6 -1.4 -0.2
v -0.5 -1.4 -0.2
v 0.4 -1.4 -0.2
v 0.5 -1.4 -0.2
v 0.6 -1.4 -0.2
v -1.2 -1.4 -0.3
v -1.1 -1.4 -0.3
v -0.6 -1.4 -0.3
v -0.5 -1.4 -0.3
v 0.4 -1.4 -0.3
v -1.2 -1.4 -0.4
v -1.1 -1.4 -0.4
v 0.4 -1.4 -0.4
v 0.5 -1.4 -0.4
v -1.2 -1.4 -0.6
v -1.1 -1.4 -0.6
v -1 -1.4 -0.6
v -0.9 -1.4 -0.6
v -0.8 -1.4 -0.6
v -0.7 -1.4 -0.6
v -1.1 -1.4 -0.7
v -1 -1.4 -0.7
v -0.9 -1.4 -0.7
v -0.8 -1.4 -0.7
v -0.6 -1.4 -0.7
v 0.5 -1.4 -0.7
v -0.7 -1.4 -0.8
v 0.6 -1.4 -0.8
v -1.1 -1.2 -0.1
v -1 -1.2 -0.1
v -1.1 -1.2 -0.2
v -1 -1.2 -0.2
v -1 -1.1 -0.1
v -0.8 -1.1 -0.1
v -1.1 -1.1 -0.2
v -1 -1.1 -0.2
v -0.8 -1.1 -0.2
v -0.1 -1.1 -0.2
v 0 -1.1 -0.2
v -1.1 -1.1 -0.3
v -0.6 -1.1 -0.3
v -0.5 -1.1 -0.3
v -0.1 -1.1 -0.3
v 0 -1.1 -0.3
v -1.1 -1.1 -0.4
v 0.4 -1.1 -0.4
v 0.5 -1.1 -0.4
v -1.1 -1.1 -0.5
v -0.8 -1.1 -0.5
v -0.5 -1.1 -0.5
v -0.1 -1.1 -0.5
v 0 -1.1 -0.5
v 0.4 -1.1 -0.5
v 0.5 -1.1 -0.5
v -1.1 -1.1 -0.6
v -0.8 -1.1 -0.6
v -0.5 -1.1 -0.6
v -0.1 -1.1 -0.6
v 0 -1.1 -0.6
v 0.4 -1.1 -0.6
v 0.5 -1.1 -0.6
v -0.6 -1.1 -0.7
v -0.5 -1.1 -0.7
v 0.4 -1.1 -0.7
v 0.5 -1.1 -0.7
v 0.9 -0.9 0.1
v 1 -0.9 0.1
v 0.9 -0.9 0
v 1 -0.9 0
v -1.1 -0.9 -0.2
v -1 -0.9 -0.2
v -0.9 -0.9 -0.2
v 0.9 -0.9 -0.2
v 1.1 -0.9 -0.2
v -1.1 -0.9 -0.3
v -0.9 -0.9 -0.3
v 0.9 -0.9 -0.3
v 1.1 -0.9 -0.3
v -1.1 -0.9 -0.4
v -0.9 -0.9 -0.4
v 0.9 -0.9 -0.4
v 1.1 -0.9 -0.4
v -1.1 -0.9 -0.5
v -1 -0.9 -0.5
v -0.9 -0.9 -0.5
v 0.9 -0.9 -0.5
v 1.1 -0.9 -0.5
v 0.9 -0.8 0.3
v 1 -0.8 0.3
v 0.8 -0.8 0.1
v 0.9 -0.8 0.1
v 1 -0.8 0.1
v 1.1 -0.8 0.1
v 0.8 -0.8 0
v 0.9 -0.8 0
v 1 -0.8 0
v 1.1 -0.8 0
v 0.9 -0.8 -0.1
v 1 -0.8 -0.1
v -0.9 -0.8 -0.2
v -0.8 -0.8 -0.2
v -0.5 -0.8 -0.2
v -0.4 -0.8 -0.2
v 0.3 -0.8 -0.2
v 0.4 -0.8 -0.2
v 0.8 -0.8 -0.2
v 0.9 -0.8 -0.2
v 1 -0.8 -0.2
v -1 -0.8 -0.3
v -0.9 -0.8 -0.3
v -0.8 -0.8 -0.3
v -0.5 -0.8 -0.3
v -0.4 -0.8 -0.3
v 0.3 -0.8 -0.3
v 0.4 -0.8 -0.3
v 0.8 -0.8 -0.3
v 0.9 -0.8 -0.3
v 1 -0.8 -0.3
v -1 -0.8 -0.4
v -0.9 -0.8 -0.4
v 0.9 -0.8 -0.4
v 1 -0.8 -0.4
v -0.9 -0.8 -0.5
v -0.8 -0.8 -0.5
v -0.5 -0.8 -0.5
v -0.4 -0.8 -0.5
v 0.3 -0.8 -0.5
v 0.8 -0.8 -0.5
v 0.9 -0.8 -0.5
v 1 -0.8 -0.5
v -0.9 -0.8 -0.6
v -0.8 -0.8 -0.6
v -0.5 -0.8 -0.6
v -0.4 -0.8 -0.6
v -0.3 -0.8 -0.6
v 0.2 -0.8 -0.6
v 0.3 -0.8 -0.6
v 0.4 -0.8 -0.6
v 0.8 -0.8 -0.6
v 0.9 -0.8 -0.6
v 1 -0.8 -0.6
v -0.5 -0.8 -0.7
v -0.4 -0.8 -0.7
v -0.2 -0.8 -0.7
v 0 -0.8 -0.7
v 0.0999999 -0.8 -0.7
v 0.2 -0.8 -0.7
v 0.4 -0.8 -0.7
v 0.9 -0.8 -0.7
v 1 -0.8 -0.7
v -1 -0.7 -0.5
v -0.9 -0.7 -0.5
v -1 -0.7 -0.6
v -0.9 -0.7 -0.6
v 0.9 -0.7 -0.7
v 1 -0.7 -0.7
v 0.9 -0.7 -0.8
v 1 -0.7 -0.8
v -1 -0.6 -0.2
v -0.9 -0.6 -0.2
v 0.9 -0.6 -0.2
v 1 -0.6 -0.2
v -1.1 -0.6 -0.3
v -1 -0.6 -0.3
v -0.9 -0.6 -0.3
v -0.8 -0.6 -0.3
v 0.8 -0.6 -0.3
v 0.9 -0.6 -0.3
v 1 -0.6 -0.3
v 1.1 -0.6 -0.3
v -1.1 -0.6 -0.4
v -1 -0.6 -0.4
v 1 -0.6 -0.4
v 1.1 -0.6 -0.4
v -0.9 -0.6 -0.5
v -0.8 -0.6 -0.5
v 0.8 -0.6 -0.5
v 1 -0.6 -0.5
v -1.1 -0.5 -0.1
v -1 -0.5 -0.1
v -0.9 -0.5 -0.1
v -0.8 -0.5 -0.1
v -0.3 -0.5 -0.1
v -0.2 -0.5 -0.1
v 0.0999999 -0.5 -0.1
v 0.2 -0.5 -0.1
v 0.8 -0.5 -0.1
v 1.1 -0.5 -0.1
v -1.2 -0.5 -0.2
v -1.1 -0.5 -0.2
v -1 -0.5 -0.2
v -0.9 -0.5 -0.2
v -0.8 -0.5 -0.2
v -0.7 -0.5 -0.2
v -0.3 -0.5 -0.2
v -0.2 -0.5 -0.2
v 0.0999999 -0.5 -0.2
v 0.2 -0.5 -0.2
v 0.7 -0.5 -0.2
v 0.8 -0.5 -0.2
v 1.1 -0.5 -0.2
v 1.2 -0.5 -0.2
v -1.2 -0.5 -0.3
v -1.1 -0.5 -0.3
v -0.8 -0.5 -0.3
v -0.7 -0.5 -0.3
v 1.1 -0.5 -0.4
v 1.2 -0.5 -0.4
v -1.2 -0.5 -0.5
v -1.1 -0.5 -0.5
v -1 -0.5 -0.5
v -0.8 -0.5 -0.5
v -0.7 -0.5 -0.5
v -1.1 -0.5 -0.6
v -1 -0.5 -0.6
v -0.8 -0.5 -0.6
v -0.7 -0.5 -0.6
v 0.7 -0.5 -0.6
v 0.8 -0.5 -0.6
v 0.9 -0.5 -0.6
v -1 -0.5 -0.7
v -0.8 -0.5 -0.7
v 0.8 -0.5 -0.7
v 0.9 -0.5 -0.7
v -0.3 -0.4 0
v -0.2 -0.4 0
v 0.0999999 -0.4 0
v 0.2 -0.4 0
v -0.4 -0.4 -0.1
v -0.3 -0.4 -0.1
v -0.2 -0.4 -0.1
v -0.1 -0.4 -0.1
v 0 -0.4 -0.1
v 0.0999999 -0.4 -0.1
v 0.2 -0.4 -0.1
v 0.3 -0.4 -0.1
v -0.4 -0.4 -0.2
v -0.3 -0.4 -0.2
v -0.2 -0.4 -0.2
v -0.1 -0.4 -0.2
v 0 -0.4 -0.2
v 0.0999999 -0.4 -0.2
v 0.2 -0.4 -0.2
v 0.3 -0.4 -0.2
v -1 -0.4 -0.3
v -0.9 -0.4 -0.3
v -0.8 -0.4 -0.3
v -0.7 -0.4 -0.3
v 1.1 -0.4 -0.4
v 1.2 -0.4 -0.4
v -1 -0.4 -0.5
v -0.9 -0.4 -0.5
v -0.8 -0.4 -0.5
v -0.7 -0.4 -0.5
v 1 -0.4 -0.5
v 1.1 -0.4 -0.5
v 1.2 -0.4 -0.5
v 0.7 -0.4 -0.6
v 0.8 -0.4 -0.6
v 1 -0.4 -0.6
v 1.1 -0.4 -0.6
v 0.7 -0.4 -0.7
v 0.8 -0.4 -0.7
v -0.2 -0.3 0
v -0.1 -0.3 0
v 0 -0.3 0
v 0.0999999 -0.3 0
v -0.5 -0.3 -0.1
v -0.4 -0.3 -0.1
v -0.2 -0.3 -0.1
v -0.1 -0.3 -0.1
v 0 -0.3 -0.1
v 0.0999999 -0.3 -0.1
v 0.3 -0.3 -0.1
v 0.4 -0.3 -0.1
v 0.7 -0.3 -0.1
v 0.8 -0.3 -0.1
v -0.5 -0.3 -0.2
v -0.4 -0.3 -0.2
v -0.1 -0.3 -0.2
v 0 -0.3 -0.2
v 0.3 -0.3 -0.2
v 0.4 -0.3 -0.2
v 0.7 -0.3 -0.2
v 0.8 -0.3 -0.2
v -0.4 -0.2 0.2
v -0.3 -0.2 0.2
v 0.2 -0.2 0.2
v 0.3 -0.2 0.2
v -0.4 -0.2 0
v -0.3 -0.2 0
v -0.1 -0.2 0
v 0 -0.2 0
v 0.2 -0.2 0
v 0.3 -0.2 0
v -0.1 -0.2 -0.1
v 0 -0.2 -0.1
v -0.8 -0.2 -0.3
v -0.7 -0.2 -0.3
v 0.6 -0.2 -0.3
v 0.7 -0.2 -0.3
v -0.8 -0.2 -0.4
v -0.7 -0.2 -0.4
v 0.6 -0.2 -0.4
v 0.7 -0.2 -0.4
v -0.8 -0.2 -0.5
v -0.7 -0.2 -0.5
v -0.8 -0.2 -0.6
v -0.7 -0.2 -0.6
v -0.5 -0.1 0.1
v -0.4 -0.1 0.1
v 0.3 -0.1 0.1
v 0.4 -0.1 0.1
v -0.5 -0.1 0
v -0.4 -0.1 0
v 0.3 -0.1 0
v 0.4 -0.1 0
v -1.1 -0.1 -0.5
v -1 -0.1 -0.5
v -1.1 -0.1 -0.6
v -1 -0.1 -0.6
v -0.2 -1.19209e-07 0
v -0.1 -1.19209e-07 0
v 0 -1.19209e-07 0
v 0.0999999 -1.19209e-07 0
v -0.2 -1.19209e-07 -0.1
v -0.1 -1.19209e-07 -0.1
v 0 -1.19209e-07 -0.1
v 0.0999999 -1.19209e-07 -0.1
v -0.8 -1.19209e-07 -0.2
v -0.7 -1.19209e-07 -0.2
v -0.8 -1.19209e-07 -0.3
v -0.7 -1.19209e-07 -0.3
v 0.6 -1.19209e-07 -0.4
v 0.7 -1.19209e-07 -0.4
v -0.8 -1.19209e-07 -0.5
v -0.7 -1.19209e-07 -0.5
v 0.6 -1.19209e-07 -0.5
v 0.7 -1.19209e-07 -0.5
v -1 -1.19209e-07 -0.6
v -0.9 -1.19209e-07 -0.6
v -0.8 -1.19209e-07 -0.6
v -0.7 -1.19209e-07 -0.6
v -0.6 -1.19209e-07 -0.6
v -0.5 -1.19209e-07 -0.6
v 0.4 -1.19209e-07 -0.6
v 0.5 -1.19209e-07 -0.6
v -1 -1.19209e-07 -0.7
v -0.9 -1.19209e-07 -0.7
v -0.6 -1.19209e-07 -0.7
v -0.5 -1.19209e-07 -0.7
v 0.4 -1.19209e-07 -0.7
v 0.5 -1.19209e-07 -0.7
v -0.4 0.0999999 0
v -0.3 0.0999999 0
v -0.2 0.0999999 0
v 0.0999999 0.0999999 0
v 0.2 0.0999999 0
v 0.3 0.0999999 0
v -0.6 0.0999999 -0.1
v -0.5 0.0999999 -0.1
v -0.4 0.0999999 -0.1
v -0.3 0.0999999 -0.1
v -0.2 0.0999999 -0.1
v 0.0999999 0.0999999 -0.1
v 0.2 0.0999999 -0.1
v 0.3 0.0999999 -0.1
v -0.6 0.0999999 -0.2
v -0.5 0.0999999 -0.2
v -0.3 0.0999999 -0.2
v -0.2 0.0999999 -0.2
v 0.0999999 0.0999999 -0.2
v 0.2 0.0999999 -0.2
v 0.6 0.0999999 -0.2
v 0.7 0.0999999 -0.2
v -0.7 0.0999999 -0.3
v -0.6 0.0999999 -0.3
v -0.7 0.0999999 -0.4
v 0.5 0.0999999 -0.4
v 0.6 0.0999999 -0.4
v 0.7 0.0999999 -0.4
v -0.7 0.0999999 -0.5
v -0.6 0.0999999 -0.5
v 0.6 0.0999999 -0.5
v 0.5 0.0999999 -0.6
v 0.5 0.0999999 -0.7
v 0.6 0.0999999 -0.7
v -0.5 0.2 0
v -0.4 0.2 0
v 0.3 0.2 0
v 0.4 0.2 0
v -0.8 0.2 -0.1
v -0.7 0.2 -0.1
v -0.5 0.2 -0.1
v -0.4 0.2 -0.1
v -0.2 0.2 -0.1
v 0.0999999 0.2 -0.1
v 0.3 0.2 -0.1
v 0.4 0.2 -0.1
v 0.6 0.2 -0.1
v 0.7 0.2 -0.1
v -0.8 0.2 -0.2
v -0.7 0.2 -0.2
v -0.6 0.2 -0.2
v -0.2 0.2 -0.2
v 0.0999999 0.2 -0.2
v 0.5 0.2 -0.2
v 0.6 0.2 -0.2
v 0.7 0.2 -0.2
v -0.8 0.2 -0.3
v -0.7 0.2 -0.3
v -0.6 0.2 -0.3
v -0.5 0.2 -0.3
v -0.8 0.2 -0.4
v -0.7 0.2 -0.4
v -0.6 0.2 -0.4
v -0.5 0.2 -0.4
v 0.5 0.2 -0.4
v 0.6 0.2 -0.4
v -0.7 0.2 -0.5
v -0.6 0.2 -0.5
v 0.6 0.2 -0.5
v 0.7 0.2 -0.5
v -0.7 0.2 -0.6
v -0.6 0.2 -0.6
v 0.6 0.2 -0.6
v 0.7 0.2 -0.6
v -0.2 0.3 0.2
v -0.1 0.3 0.2
v 0 0.3 0.2
v 0.0999999 0.3 0.2
v -0.3 0.3 0.1
v -0.2 0.3 0.1
v -0.1 0.3 0.1
v 0 0.3 0.1
v 0.0999999 0.3 0.1
v 0.2 0.3 0.1
v -0.3 0.3 0
v 0.2 0.3 0
v -0.3 0.3 -0.1
v -0.2 0.3 -0.1
v 0.0999999 0.3 -0.1
v 0.2 0.3 -0.1
v -0.6 0.3 -0.2
v -0.5 0.3 -0.2
v -0.6 0.3 -0.3
v -0.5 0.3 -0.3
v -0.8 0.3 -0.4
v -0.7 0.3 -0.4
v -0.8 0.3 -0.5
v -0.7 0.3 -0.5
v -0.8 0.3 -0.6
v -0.5 0.3 -0.6
v 0.7 0.3 -0.6
v 0.8 0.3 -0.6
v -0.8 0.3 -0.7
v -0.5 0.3 -0.7
v 0.7 0.3 -0.7
v 0.8 0.3 -0.7
v -0.3 0.4 0.2
v -0.2 0.4 0.2
v 0.0999999 0.4 0.2
v 0.2 0.4 0.2
v -0.3 0.4 0.1
v -0.2 0.4 0.1
v 0.0999999 0.4 0.1
v 0.2 0.4 0.1
v -0.7 0.4 -0.2
v -0.6 0.4 -0.2
v -0.7 0.4 -0.3
v -0.6 0.4 -0.3
v -0.3 0.5 0.3
v -0.1 0.5 0.3
v 0 0.5 0.3
v 0.2 0.5 0.3
v -0.3 0.5 0.2
v -0.1 0.5 0.2
v 0 0.5 0.2
v 0.2 0.5 0.2
v -0.4 0.5 0
v -0.3 0.5 0
v 0.2 0.5 0
v 0.3 0.5 0
v -0.4 0.5 -0.1
v -0.3 0.5 -0.1
v -0.2 0.5 -0.1
v 0.0999999 0.5 -0.1
v 0.2 0.5 -0.1
v 0.3 0.5 -0.1
v 0.4 0.5 -0.1
v 0.5 0.5 -0.1
v -0.6 0.5 -0.2
v -0.5 0.5 -0.2
v -0.4 0.5 -0.2
v -0.3 0.5 -0.2
v -0.2 0.5 -0.2
v 0.0999999 0.5 -0.2
v 0.2 0.5 -0.2
v 0.3 0.5 -0.2
v 0.4 0.5 -0.2
v 0.5 0.5 -0.2
v 0.6 0.5 -0.2
v -0.6 0.5 -0.3
v -0.5 0.5 -0.3
v 0.5 0.5 -0.3
v 0.6 0.5 -0.3
v 0.5 0.5 -0.6
v 0.6 0.5 -0.6
v 0.5 0.5 -0.7
v 0.6 0.5 -0.7
v -0.4 0.6 0.3
v -0.3 0.6 0.3
v -0.1 0.6 0.3
v 0 0.6 0.3
v 0.2 0.6 0.3
v 0.3 0.6 0.3
v -0.4 0.6 0.2
v -0.3 0.6 0.2
v -0.1 0.6 0.2
v 0 0.6 0.2
v 0.2 0.6 0.2
v 0.3 0.6 0.2
v -0.3 0.8 0.3
v -0.1 0.8 0.3
v 0 0.8 0.3
v 0.2 0.8 0.3
v -0.3 0.8 0.2
v -0.1 0.8 0.2
v 0 0.8 0.2
v 0.2 0.8 0.2
v 0.2 1 -0.2
v 0.3 1 -0.2
v 0.2 1 -0.3
v 0.3 1 -0.3
v -0.4 -1.7 0.2
v -0.1 -1.7 0.2
v 0 -1.7 0.2
v 0.3 -1.7 0.2
v -0.5 -1.7 0.1
v -0.4 -1.7 0.1
v -0.3 -1.7 0.1
v -0.2 -1.7 0.1
v -0.1 -1.7 0.1
v 0 -1.7 0.1
v 0.0999999 -1.7 0.1
v 0.2 -1.7 0.1
v 0.3 -1.7 0.1
v 0.4 -1.7 0.1
v -0.5 -1.7 0
v -0.4 -1.7 0
v 0.3 -1.7 0
v 0.4 -1.7 0
v -0.4 -1.6 0.1
v -0.3 -1.6 0.1
v -0.2 -1.6 0.1
v -0.1 -1.6 0.1
v 0 -1.6 0.1
v 0.0999999 -1.6 0.1
v 0.2 -1.6 0.1
v 0.3 -1.6 0.1
v -0.5 -1.6 0
v -0.4 -1.6 0
v -0.3 -1.6 0
v -0.2 -1.6 0
v -0.1 -1.6 0
v 0 -1.6 0
v 0.0999999 -1.6 0
v 0.2 -1.6 0
v 0.3 -1.6 0
v 0.4 -1.6 0
v -0.5 -1.6 -0.2
v -0.4 -1.6 -0.2
v -0.2 -1.6 -0.2
v -0.1 -1.6 -0.2
v 0 -1.6 -0.2
v 0.0999999 -1.6 -0.2
v 0.3 -1.6 -0.2
v 0.4 -1.6 -0.2
v -1.1 -1.3 -0.1
v -0.8 -1.3 -0.1
v -1.1 -1.3 -0.3
v -1.1 -1.3 -0.4
v -0.9 -1.3 -0.5
v -0.8 -1.3 -0.5
v -1.1 -1.3 -0.6
v -0.9 -1.3 -0.6
v -0.9 -1.2 -0.5
v -0.8 -1.2 -0.5
v -0.9 -1.2 -0.6
v -0.8 -1.2 -0.6
v -1 -1.1 0
v -0.9 -1.1 0
v -1 -1.1 -0.1
v -0.9 -1.1 -0.1
v -0.5 -1.1 -0.2
v -0.4 -1.1 -0.2
v 0.3 -1.1 -0.2
v 0.4 -1.1 -0.2
v -0.5 -1.1 -0.3
v -0.4 -1.1 -0.3
v 0.3 -1.1 -0.3
v 0.4 -1.1 -0.3
v -0.5 -1.1 -0.5
v -0.4 -1.1 -0.5
v 0.3 -1.1 -0.5
v 0.4 -1.1 -0.5
v -1 -1.1 -0.6
v -0.9 -1.1 -0.6
v -0.5 -1.1 -0.6
v -0.4 -1.1 -0.6
v 0.3 -1.1 -0.6
v 0.4 -1.1 -0.6
v -1 -1.1 -0.7
v -0.9 -1.1 -0.7
v -1.1 -1 0
v -1 -1 0
v -0.9 -1 0
v -0.8 -1 0
v -1.2 -1 -0.1
v -1.1 -1 -0.1
v -1 -1 -0.1
v -0.9 -1 -0.1
v -0.8 -1 -0.1
v -0.7 -1 -0.1
v -1.1 -1 -0.2
v -1 -1 -0.2
v -0.9 -1 -0.2
v -0.8 -1 -0.2
v -0.7 -1 -0.2
v -0.6 -1 -0.2
v 0.5 -1 -0.2
v 0.6 -1 -0.2
v -0.7 -1 -0.3
v -0.6 -1 -0.3
v 0.5 -1 -0.3
v 0.6 -1 -0.3
v -1.1 -1 -0.5
v -1 -1 -0.5
v -0.9 -1 -0.5
v -0.8 -1 -0.5
v -1.2 -1 -0.6
v -1.1 -1 -0.6
v -1 -1 -0.6
v -0.9 -1 -0.6
v -0.8 -1 -0.6
v -0.7 -1 -0.6
v -1.1 -1 -0.7
v -1 -1 -0.7
v -0.9 -1 -0.7
v -0.8 -1 -0.7
v -0.7 -1 -0.7
v -0.6 -1 -0.7
v 0.5 -1 -0.7
v 0.6 -1 -0.7
v -0.7 -1 -0.8
v -0.6 -1 -0.8
v 0.5 -1 -0.8
v 0.6 -1 -0.8
v -1.1 -0.9 -0.1
v -1 -0.9 -0.1
v -0.9 -0.9 -0.1
v -0.8 -0.9 -0.1
v -1.1 -0.9 -0.2
v -1 -0.9 -0.2
v -0.9 -0.9 -0.2
v -0.8 -0.9 -0.2
v -1.1 -0.9 -0.5
v -1 -0.9 -0.5
v -0.9 -0.9 -0.5
v -0.8 -0.9 -0.5
v -1.1 -0.9 -0.6
v -1 -0.9 -0.6
v -0.9 -0.9 -0.6
v -0.8 -0.9 -0.6
v -1 -0.8 -0.1
v -0.9 -0.8 -0.1
v -1 -0.8 -0.2
v -0.9 -0.8 -0.2
v -0.7 -0.8 -0.3
v -0.6 -0.8 -0.3
v 0.5 -0.8 -0.3
v 0.6 -0.8 -0.3
v -0.7 -0.8 -0.4
v -0.6 -0.8 -0.4
v 0.5 -0.8 -0.4
v 0.6 -0.8 -0.4
v -1 -0.8 -0.5
v -0.9 -0.8 -0.5
v -1 -0.8 -0.6
v -0.9 -0.8 -0.6
v -0.7 -0.8 -0.6
v -0.6 -0.8 -0.6
v 0.5 -0.8 -0.6
v 0.6 -0.8 -0.6
v -0.7 -0.8 -0.7
v -0.6 -0.8 -0.7
v -0.5 -0.8 -0.7
v 0.4 -0.8 -0.7
v 0.5 -0.8 -0.7
v 0.6 -0.8 -0.7
v -0.6 -0.8 -0.8
v -0.5 -0.8 -0.8
v 0.4 -0.8 -0.8
v 0.5 -0.8 -0.8
v 0.9 -0.7 0.3
v 1 -0.7 0.3
v 0.8 -0.7 0.1
v 0.9 -0.7 0.1
v 1 -0.7 0.1
v 1.1 -0.7 0.1
v 0.8 -0.7 0
v 0.9 -0.7 0
v 1 -0.7 0
v 1.1 -0.7 0
v 0.9 -0.7 -0.1
v 1 -0.7 -0.1
v -1 -0.7 -0.2
v -0.9 -0.7 -0.2
v 0.9 -0.7 -0.2
v 1 -0.7 -0.2
v -1 -0.7 -0.3
v -0.9 -0.7 -0.3
v 0.9 -0.7 -0.3
v 1 -0.7 -0.3
v -1 -0.7 -0.4
v -0.7 -0.7 -0.4
v -0.6 -0.7 -0.4
v 0.5 -0.7 -0.4
v 0.6 -0.7 -0.4
v 0.9 -0.7 -0.4
v 1 -0.7 -0.4
v -1 -0.7 -0.5
v -0.9 -0.7 -0.5
v -0.6 -0.7 -0.5
v 0.9 -0.7 -0.5
v 1 -0.7 -0.5
v -0.7 -0.7 -0.6
v -0.6 -0.7 -0.6
v 0.5 -0.7 -0.6
v 0.6 -0.7 -0.6
v 0.9 -0.7 -0.6
v 1 -0.7 -0.6
v -0.5 -0.7 -0.7
v -0.4 -0.7 -0.7
v -0.3 -0.7 -0.7
v 0.4 -0.7 -0.7
v 0.9 -0.7 -0.7
v 1 -0.7 -0.7
v -0.5 -0.7 -0.8
v -0.4 -0.7 -0.8
v -0.3 -0.7 -0.8
v 0.4 -0.7 -0.8
v 0.9 -0.6 0.1
v 1 -0.6 0.1
v 0.9 -0.6 0
v 1 -0.6 0
v -0.6 -0.6 -0.6
v -0.5 -0.6 -0.6
v 0.4 -0.6 -0.6
v 0.5 -0.6 -0.6
v -0.6 -0.6 -0.7
v -0.5 -0.6 -0.7
v 0.4 -0.6 -0.7
v 0.5 -0.6 -0.7
v 0.9 -0.6 -0.7
v 1 -0.6 -0.7
v 0.9 -0.6 -0.8
v 1 -0.6 -0.8
v -0.8 -0.3 -0.2
v -0.7 -0.3 -0.2
v 1.1 -0.3 -0.2
v 1.2 -0.3 -0.2
v 1.1 -0.3 -0.3
v 1.2 -0.3 -0.3
v -0.8 -0.3 -0.4
v -0.7 -0.3 -0.4
v 1.1 -0.3 -0.4
v 1.2 -0.3 -0.4
v -1.1 -0.3 -0.5
v -1 -0.3 -0.5
v -0.8 -0.3 -0.5
v -0.7 -0.3 -0.5
v 1 -0.3 -0.5
v 1.1 -0.3 -0.5
v 1.2 -0.3 -0.5
v -1.1 -0.3 -0.6
v -1 -0.3 -0.6
v -0.8 -0.3 -0.6
v -0.7 -0.3 -0.6
v 1 -0.3 -0.6
v 1.1 -0.3 -0.6
v -0.2 -0.2 0
v -0.1 -0.2 0
v 0 -0.2 0
v 0.0999999 -0.2 0
v -1.1 -0.2 -0.1
v -1 -0.2 -0.1
v -0.6 -0.2 -0.1
v -0.5 -0.2 -0.1
v -0.2 -0.2 -0.1
v -0.1 -0.2 -0.1
v 0 -0.2 -0.1
v 0.0999999 -0.2 -0.1
v 0.4 -0.2 -0.1
v 0.5 -0.2 -0.1
v -1.2 -0.2 -0.2
v -1.1 -0.2 -0.2
v -1 -0.2 -0.2
v -0.6 -0.2 -0.2
v -0.5 -0.2 -0.2
v -0.1 -0.2 -0.2
v 0 -0.2 -0.2
v 0.4 -0.2 -0.2
v 0.5 -0.2 -0.2
v -1.2 -0.2 -0.3
v -1.1 -0.2 -0.3
v 1.1 -0.2 -0.3
v 1.2 -0.2 -0.3
v 1.1 -0.2 -0.4
v 1.2 -0.2 -0.4
v -1 -0.2 -0.6
v -0.9 -0.2 -0.6
v -1 -0.2 -0.7
v -0.9 -0.2 -0.7
v -0.5 -0.1 0
v -0.4 -0.1 0
v -0.3 -0.1 0
v -0.2 -0.1 0
v 0.0999999 -0.1 0
v 0.2 -0.1 0
v 0.3 -0.1 0
v 0.4 -0.1 0
v -0.5 -0.1 -0.1
v -0.4 -0.1 -0.1
v -0.3 -0.1 -0.1
v -0.2 -0.1 -0.1
v -0.1 -0.1 -0.1
v 0 -0.1 -0.1
v 0.0999999 -0.1 -0.1
v 0.2 -0.1 -0.1
v 0.3 -0.1 -0.1
v 0.4 -0.1 -0.1
v 1 -0.1 -0.1
v 1.1 -0.1 -0.1
v -0.2 -0.1 -0.2
v -0.1 -0.1 -0.2
v 0 -0.1 -0.2
v 0.0999999 -0.1 -0.2
v 1 -0.1 -0.2
v 1.1 -0.1 -0.2
v 1 -0.1 -0.3
v 1.1 -0.1 -0.3
v -0.8 -0.1 -0.5
v -0.7 -0.1 -0.5
v -0.8 -0.1 -0.6
v -0.7 -0.1 -0.6
v -0.4 -1.19209e-07 0
v -0.3 -1.19209e-07 0
v -0.1 -1.19209e-07 0
v 0 -1.19209e-07 0
v 0.2 -1.19209e-07 0
v 0.3 -1.19209e-07 0
v -0.4 -1.19209e-07 -0.1
v -0.3 -1.19209e-07 -0.1
v -0.2 -1.19209e-07 -0.1
v -0.1 -1.19209e-07 -0.1
v 0 -1.19209e-07 -0.1
v 0.0999999 -1.19209e-07 -0.1
v 0.2 -1.19209e-07 -0.1
v 0.3 -1.19209e-07 -0.1
v -0.3 -1.19209e-07 -0.2
v -0.2 -1.19209e-07 -0.2
v 0.0999999 -1.19209e-07 -0.2
v 0.2 -1.19209e-07 -0.2
v -1.2 -1.19209e-07 -0.3
v -1.1 -1.19209e-07 -0.3
v -0.8 -1.19209e-07 -0.3
v -0.7 -1.19209e-07 -0.3
v 0.6 -1.19209e-07 -0.3
v 0.7 -1.19209e-07 -0.3
v 1 -1.19209e-07 -0.3
v 1.1 -1.19209e-07 -0.3
v -1.2 -1.19209e-07 -0.4
v -1.1 -1.19209e-07 -0.4
v -0.8 -1.19209e-07 -0.4
v -0.7 -1.19209e-07 -0.4
v 0.6 -1.19209e-07 -0.4
v 0.7 -1.19209e-07 -0.4
v 1 -1.19209e-07 -0.4
v 1.1 -1.19209e-07 -0.4
v -0.2 0.0999999 0
v -0.1 0.0999999 0
v 0 0.0999999 0
v 0.0999999 0.0999999 0
v -0.2 0.0999999 -0.1
v -0.1 0.0999999 -0.1
v 0 0.0999999 -0.1
v 0.0999999 0.0999999 -0.1
v -1.1 0.0999999 -0.2
v -1 0.0999999 -0.2
v -0.6 0.0999999 -0.2
v -0.5 0.0999999 -0.2
v -1.1 0.0999999 -0.3
v -1 0.0999999 -0.3
v -0.6 0.0999999 -0.3
v -1.2 0.0999999 -0.4
v -1.1 0.0999999 -0.4
v -0.6 0.0999999 -0.4
v -0.5 0.0999999 -0.4
v -1.2 0.0999999 -0.5
v -1.1 0.0999999 -0.5
v -1 0.0999999 -0.6
v -0.9 0.0999999 -0.6
v -0.6 0.0999999 -0.6
v -0.5 0.0999999 -0.6
v -1 0.0999999 -0.7
v -0.9 0.0999999 -0.7
v -0.6 0.0999999 -0.7
v -0.5 0.0999999 -0.7
v -0.4 0.2 0
v -0.3 0.2 0
v -0.2 0.2 0
v 0.0999999 0.2 0
v 0.2 0.2 0
v 0.3 0.2 0
v -0.4 0.2 -0.1
v -0.3 0.2 -0.1
v -0.2 0.2 -0.1
v 0.0999999 0.2 -0.1
v 0.2 0.2 -0.1
v 0.3 0.2 -0.1
v -0.8 0.2 -0.4
v -0.7 0.2 -0.4
v 1 0.2 -0.4
v 1.1 0.2 -0.4
v -0.8 0.2 -0.5
v -0.7 0.2 -0.5
v 1 0.2 -0.5
v 1.1 0.2 -0.5
v 0.7 0.2 -0.6
v 0.8 0.2 -0.6
v 0.7 0.2 -0.7
v 0.8 0.2 -0.7
v 0.9 0.3 -0.1
v 1 0.3 -0.1
v -0.7 0.3 -0.2
v -0.6 0.3 -0.2
v 0.9 0.3 -0.2
v -1.1 0.3 -0.3
v -1 0.3 -0.3
v -0.7 0.3 -0.3
v -0.6 0.3 -0.3
v -1.1 0.3 -0.4
v -1 0.3 -0.4
v 0.9 0.3 -0.4
v -1.1 0.3 -0.5
v -1 0.3 -0.5
v -1.1 0.3 -0.6
v -1 0.3 -0.6
v -0.9 0.3 -0.6
v -0.8 0.3 -0.6
v -0.1 0.3 -0.6
v 0 0.3 -0.6
v 0.9 0.3 -0.6
v 1 0.3 -0.6
v -0.9 0.3 -0.7
v -0.8 0.3 -0.7
v -0.1 0.3 -0.7
v 0 0.3 -0.7
v -1 0.4 -0.1
v -0.9 0.4 -0.1
v -0.8 0.4 -0.1
v -0.7 0.4 -0.1
v -0.4 0.4 -0.1
v -0.3 0.4 -0.1
v -0.2 0.4 -0.1
v 0.0999999 0.4 -0.1
v 0.2 0.4 -0.1
v 0.3 0.4 -0.1
v 0.6 0.4 -0.1
v 0.7 0.4 -0.1
v 0.9 0.4 -0.1
v -0.8 0.4 -0.2
v -0.7 0.4 -0.2
v -0.6 0.4 -0.2
v -0.5 0.4 -0.2
v -0.4 0.4 -0.2
v -0.3 0.4 -0.2
v -0.2 0.4 -0.2
v 0.0999999 0.4 -0.2
v 0.2 0.4 -0.2
v 0.3 0.4 -0.2
v 0.5 0.4 -0.2
v 0.6 0.4 -0.2
v 0.7 0.4 -0.2
v 0.8 0.4 -0.2
v 0.9 0.4 -0.2
v -1 0.4 -0.3
v -0.9 0.4 -0.3
v -0.6 0.4 -0.3
v -0.5 0.4 -0.3
v 0.5 0.4 -0.3
v 0.6 0.4 -0.3
v 0.8 0.4 -0.3
v -1 0.4 -0.4
v -0.9 0.4 -0.4
v 0.8 0.4 -0.4
v 0.9 0.4 -0.4
v -1 0.4 -0.6
v -0.9 0.4 -0.6
v -0.8 0.4 -0.6
v -0.7 0.4 -0.6
v 0.5 0.4 -0.6
v 0.6 0.4 -0.6
v 0.7 0.4 -0.6
v 0.8 0.4 -0.6
v -0.8 0.4 -0.7
v -0.7 0.4 -0.7
v 0.5 0.4 -0.7
v 0.6 0.4 -0.7
v 0.7 0.4 -0.7
v 0.9 0.4 -0.7
v -0.9 0.5 -0.1
v -0.8 0.5 -0.1
v -0.8 0.5 -0.2
v -0.7 0.5 -0.2
v 0.6 0.5 -0.2
v 0.7 0.5 -0.2
v 0.8 0.5 -0.2
v -0.8 0.5 -0.3
v -0.7 0.5 -0.3
v 0.6 0.5 -0.3
v 0.7 0.5 -0.3
v 0.8 0.5 -0.3
v -0.9 0.5 -0.6
v -0.8 0.5 -0.6
v -0.7 0.5 -0.6
v -0.6 0.5 -0.6
v -0.2 0.5 -0.6
v -0.1 0.5 -0.6
v 0 0.5 -0.6
v 0.0999999 0.5 -0.6
v 0.7 0.5 -0.6
v 0.8 0.5 -0.6
v -0.7 0.5 -0.7
v -0.6 0.5 -0.7
v -0.2 0.5 -0.7
v -0.1 0.5 -0.7
v 0 0.5 -0.7
v 0.0999999 0.5 -0.7
v -0.3 0.6 0.3
v -0.1 0.6 0.3
v 0 0.6 0.3
v 0.2 0.6 0.3
v -0.3 0.6 0.2
v -0.2 0.6 0.2
v -0.1 0.6 0.2
v 0 0.6 0.2
v 0.0999999 0.6 0.2
v 0.2 0.6 0.2
v -0.6 0.6 -0.1
v -0.5 0.6 -0.1
v -0.6 0.6 -0.2
v -0.5 0.6 -0.2
v 0.4 0.6 -0.2
v 0.5 0.6 -0.2
v 0.6 0.6 -0.2
v -0.8 0.6 -0.3
v -0.7 0.6 -0.3
v 0.4 0.6 -0.3
v 0.5 0.6 -0.3
v 0.6 0.6 -0.3
v 0.7 0.6 -0.3
v -0.6 0.6 -0.4
v -0.5 0.6 -0.4
v -0.7 0.6 -0.5
v -0.6 0.6 -0.5
v -0.5 0.6 -0.5
v 0.5 0.6 -0.5
v 0.6 0.6 -0.5
v -0.8 0.6 -0.6
v -0.7 0.6 -0.6
v -0.6 0.6 -0.6
v -0.4 0.6 -0.6
v -0.3 0.6 -0.6
v -0.2 0.6 -0.6
v 0.0999999 0.6 -0.6
v 0.2 0.6 -0.6
v 0.3 0.6 -0.6
v 0.4 0.6 -0.6
v 0.5 0.6 -0.6
v 0.6 0.6 -0.6
v 0.7 0.6 -0.6
v -0.6 0.6 -0.7
v -0.4 0.6 -0.7
v -0.3 0.6 -0.7
v -0.2 0.6 -0.7
v 0.0999999 0.6 -0.7
v 0.3 0.6 -0.7
v 0.4 0.6 -0.7
v 0.5 0.6 -0.7
v 0.6 0.6 -0.7
v -0.5 0.7 0.1
v -0.4 0.7 0.1
v 0.3 0.7 0.1
v 0.4 0.7 0.1
v -0.5 0.7 0
v -0.4 0.7 0
v 0.3 0.7 0
v 0.4 0.7 0
v 0.4 0.7 -0.1
v 0.5 0.7 -0.1
v -0.7 0.7 -0.2
v -0.6 0.7 -0.2
v 0.3 0.7 -0.2
v 0.4 0.7 -0.2
v 0.5 0.7 -0.2
v -0.7 0.7 -0.3
v -0.6 0.7 -0.3
v -0.5 0.7 -0.3
v 0.4 0.7 -0.3
v 0.6 0.7 -0.3
v -0.6 0.7 -0.4
v -0.5 0.7 -0.4
v -0.4 0.7 -0.4
v -0.7 0.7 -0.5
v -0.6 0.7 -0.5
v -0.5 0.7 -0.5
v -0.4 0.7 -0.5
v 0.3 0.7 -0.5
v 0.4 0.7 -0.5
v 0.5 0.7 -0.5
v 0.6 0.7 -0.5
v -0.6 0.7 -0.6
v -0.4 0.7 -0.6
v 0.3 0.7 -0.6
v 0.5 0.7 -0.6
v -0.4 0.8 0.3
v -0.3 0.8 0.3
v -0.1 0.8 0.3
v 0 0.8 0.3
v 0.2 0.8 0.3
v 0.3 0.8 0.3
v -0.4 0.8 0.2
v -0.3 0.8 0.2
v -0.1 0.8 0.2
v 0 0.8 0.2
v 0.2 0.8 0.2
v 0.3 0.8 0.2
v -0.6 0.8 -0.2
v -0.5 0.8 -0.2
v -0.6 0.8 -0.3
v -0.5 0.8 -0.3
v -0.4 0.8 -0.3
v 0.2 0.8 -0.3
v 0.3 0.8 -0.3
v -0.5 0.8 -0.4
v -0.4 0.8 -0.4
v -0.3 0.8 -0.4
v -0.3 0.8 -0.5
v -0.1 0.8 -0.5
v 0 0.8 -0.5
v 0.2 0.8 -0.5
v -0.4 0.8 -0.6
v -0.1 0.8 -0.6
v 0 0.8 -0.6
v 0.3 0.8 -0.6
v -0.3 0.9 0.3
v -0.1 0.9 0.3
v 0 0.9 0.3
v 0.2 0.9 0.3
v -0.3 0.9 0.2
v -0.2 0.9 0.2
v -0.1 0.9 0.2
v 0 0.9 0.2
v 0.0999999 0.9 0.2
v 0.2 0.9 0.2
v 0.3 0.9 -0.1
v 0.4 0.9 -0.1
v -0.5 0.9 -0.2
v -0.4 0.9 -0.2
v 0.2 0.9 -0.2
v 0.3 0.9 -0.2
v 0.4 0.9 -0.2
v -0.5 0.9 -0.3
v -0.4 0.9 -0.3
v -0.3 0.9 -0.3
v 0.2 0.9 -0.3
v 0.3 0.9 -0.3
v -0.4 0.9 -0.4
v -0.3 0.9 -0.4
v -0.2 0.9 -0.4
v 0.0999999 0.9 -0.4
v 0.2 0.9 -0.4
v -0.3 0.9 -0.5
v -0.2 0.9 -0.5
v 0.0999999 0.9 -0.5
v 0.2 0.9 -0.5
v -0.4 1 0.2
v -0.3 1 0.2
v 0.2 1 0.2
v 0.3 1 0.2
v -0.4 1 0.1
v -0.3 1 0.1
v 0.2 1 0.1
v 0.3 1 0.1
v -0.5 1 0
v -0.4 1 0
v 0.3 1 0
v 0.4 1 0
v 0.3 1 -0.1
v 0.4 1 -0.1
v -0.5 1 -0.2
v -0.4 1 -0.2
v -0.3 1.1 0.2
v -0.2 1.1 0.2
v 0.0999999 1.1 0.2
v 0.2 1.1 0.2
v -0.4 1.1 0.1
v -0.3 1.1 0.1
v -0.2 1.1 0.1
v 0.0999999 1.1 0.1
v 0.2 1.1 0.1
v 0.3 1.1 0.1
v -0.4 1.1 0
v -0.3 1.1 0
v 0.2 1.1 0
v 0.3 1.1 0
v 0.2 1.1 -0.1
v 0.3 1.1 -0.1
v -0.4 1.1 -0.2
v -0.3 1.1 -0.2
v -0.4 1.1 -0.3
v -0.3 1.1 -0.3
v 0.2 1.1 -0.3
v 0.3 1.1 -0.3
v -0.2 1.1 -0.4
v -0.1 1.1 -0.4
v 0 1.1 -0.4
v 0.0999999 1.1 -0.4
v -0.2 1.1 -0.5
v -0.1 1.1 -0.5
v 0 1.1 -0.5
v 0.0999999 1.1 -0.5
v -0.1 1.1 -0.6
v 0 1.1 -0.6
v -0.2 1.2 0.2
v 0.0999999 1.2 0.2
v -0.2 1.2 0.1
v 0.0999999 1.2 0.1
v -0.4 1.2 0
v -0.3 1.2 0
v 0.2 1.2 0
v 0.3 1.2 0
v -0.3 1.2 -0.1
v 0.2 1.2 -0.1
v 0.3 1.2 -0.1
v -0.4 1.2 -0.2
v -0.3 1.2 -0.2
v -0.1 1.2 -0.4
v 0 1.2 -0.4
v -0.1 1.2 -0.5
v 0 1.2 -0.5
v -0.3 1.3 0.1
v -0.2 1.3 0.1
v 0.0999999 1.3 0.1
v 0.2 1.3 0.1
v -0.3 1.3 0
v -0.2 1.3 0
v 0.0999999 1.3 0
v 0.2 1.3 0
v -0.3 1.3 -0.3
v -0.2 1.3 -0.3
v 0.0999999 1.3 -0.3
v 0.2 1.3 -0.3
v -0.3 1.3 -0.4
v -0.2 1.3 -0.4
v 0.0999999 1.3 -0.4
v 0.2 1.3 -0.4
v -0.2 1.4 0.1
v -0.1 1.4 0.1
v 0 1.4 0.1
v 0.0999999 1.4 0.1
v -0.3 1.4 0
v -0.2 1.4 0
v -0.1 1.4 0
v 0 1.4 0
v 0.0999999 1.4 0
v 0.2 1.4 0
v -0.3 1.4 -0.3
v -0.2 1.4 -0.3
v -0.1 1.4 -0.3
v 0 1.4 -0.3
v 0.0999999 1.4 -0.3
v 0.2 1.4 -0.3
v -0.2 1.4 -0.4
v 0.0999999 1.4 -0.4
v -0.2 1.5 0
v 0.0999999 1.5 0
v -0.1 1.5 -0.2
v 0 1.5 -0.2
v -0.2 1.5 -0.3
v -0.1 1.5 -0.3
v 0 1.5 -0.3
v 0.0999999 1.5 -0.3

# faces
f 4/25/1 2/25/1 1/25/1
f 5/25/1 2/25/1 4/25/1
f 7/26/1 4/26/1 3/26/1
f 7/26/1 6/26/1 5/26/1
f 7/26/1 5/26/1 4/26/1
f 8/26/1 6/26/1 7/26/1
f 9/26/1 6/26/1 8/26/1
f 10/26/1 6/26/1 9/26/1
f 11/1/1 8/1/1 7/1/1
f 12/1/1 8/1/1 11/1/1
f 13/21/1 9/21/1 8/21/1
f 13/1/1 8/1/1 12/1/1
f 14/1/1 10/1/1 9/1/1
f 14/21/1 9/21/1 13/21/1
f 15/1/1 10/1/1 14/1/1
f 16/1/1 10/1/1 15/1/1
f 17/26/1 12/26/1 11/26/1
f 17/21/1 13/21/1 12/21/1
f 18/27/1 14/27/1 13/27/1
f 18/21/1 13/21/1 17/21/1
f 19/21/1 15/21/1 14/21/1
f 19/27/1 14/27/1 18/27/1
f 20/26/1 16/26/1 15/26/1
f 20/21/1 15/21/1 19/21/1
f 21/26/1 19/26/1 18/26/1
f 21/26/1 17/26/1 11/26/1
f 21/26/1 20/26/1 19/26/1
f 21/26/1 18/26/1 17/26/1
f 22/26/1 16/26/1 20/26/1
f 22/26/1 20/26/1 21/26/1
f 26/19/1 24/19/1 23/19/1
f 27/23/1 25/23/1 24/23/1
f 27/19/1 24/19/1 26/19/1
f 28/23/1 27/23/1 26/23/1
f 29/23/1 25/23/1 27/23/1
f 29/23/1 27/23/1 28/23/1
f 30/23/1 25/23/1 29/23/1
f 31/19/1 30/19/1 29/19/1
f 32/23/1 25/23/1 30/23/1
f 32/19/1 30/19/1 31/19/1
f 33/23/1 32/23/1 31/23/1
f 34/23/1 25/23/1 32/23/1
f 34/23/1 32/23/1 33/23/1
f 35/23/1 25/23/1 34/23/1
f 36/23/1 25/23/1 35/23/1
f 42/26/1 38/26/1 37/26/1
f 43/26/1 38/26/1 42/26/1
f 44/26/1 40/26/1 39/26/1
f 45/26/1 40/26/1 44/26/1
f 47/26/1 42/26/1 41/26/1
f 48/26/1 42/26/1 47/26/1
f 49/26/1 46/26/1 45/26/1
f 50/26/1 46/26/1 49/26/1
f 51/1/1 48/1/1 47/1/1
f 52/1/1 48/1/1 51/1/1
f 53/1/1 50/1/1 49/1/1
f 54/1/1 50/1/1 53/1/1
f 55/26/1 52/26/1 51/26/1
f 56/26/1 52/26/1 55/26/1
f 59/26/1 54/26/1 53/26/1
f 60/26/1 54/26/1 59/26/1
f 61/25/1 57/25/1 56/25/1
f 62/25/1 57/25/1 61/25/1
f 65/25/1 59/25/1 58/25/1
f 66/25/1 59/25/1 65/25/1
f 67/22/1 63/22/1 62/22/1
f 68/22/1 65/22/1 64/22/1
f 70/22/1 67/22/1 62/22/1
f 70/22/1 68/22/1 67/22/1
f 71/22/1 68/22/1 70/22/1
f 72/22/1 65/22/1 68/22/1
f 72/22/1 68/22/1 71/22/1
f 74/19/1 70/19/1 69/19/1
f 75/19/1 70/19/1 74/19/1
f 76/19/1 73/19/1 72/19/1
f 77/19/1 73/19/1 76/19/1
f 78/23/1 77/23/1 76/23/1
f 79/23/1 77/23/1 78/23/1
f 80/23/1 75/23/1 74/23/1
f 81/23/1 75/23/1 80/23/1
f 83/19/1 82/19/1 81/19/1
f 86/19/1 83/19/1 81/19/1
f 87/19/1 83/19/1 86/19/1
f 89/23/1 85/23/1 84/23/1
f 90/23/1 85/23/1 89/23/1
f 91/23/1 88/23/1 87/23/1
f 91/23/1 87/23/1 86/23/1
f 92/23/1 88/23/1 91/23/1
f 93/23/1 88/23/1 92/23/1
f 94/19/1 90/19/1 89/19/1
f 95/19/1 90/19/1 94/19/1
f 96/23/1 93/23/1 92/23/1
f 96/23/1 95/23/1 94/23/1
f 96/23/1 94/23/1 93/23/1
f 97/23/1 95/23/1 96/23/1
f 98/23/1 95/23/1 97/23/1
f 99/23/1 95/23/1 98/23/1
f 100/19/1 97/19/1 96/19/1
f 101/23/1 98/23/1 97/23/1
f 101/19/1 97/19/1 100/19/1
f 102/19/1 99/19/1 98/19/1
f 102/23/1 98/23/1 101/23/1
f 103/19/1 99/19/1 102/19/1
f 108/25/1 105/25/1 104/25/1
f 109/25/1 105/25/1 108/25/1
f 110/25/1 107/25/1 106/25/1
f 111/25/1 107/25/1 110/25/1
f 116/9/1 113/9/1 112/9/1
f 117/9/1 113/9/1 116/9/1
f 120/9/1 115/9/1 114/9/1
f 121/9/1 115/9/1 120/9/1
f 122/9/1 119/9/1 118/9/1
f 123/9/1 119/9/1 122/9/1
f 126/22/1 125/22/1 124/22/1
f 127/22/1 125/22/1 126/22/1
f 129/23/1 128/23/1 127/23/1
f 130/23/1 128/23/1 129/23/1
f 132/19/1 130/19/1 129/19/1
f 133/19/1 130/19/1 132/19/1
f 136/17/1 132/17/1 131/17/1
f 137/23/1 133/23/1 132/23/1
f 137/17/1 132/17/1 136/17/1
f 138/23/1 133/23/1 137/23/1
f 139/23/1 137/23/1 136/23/1
f 140/23/1 137/23/1 139/23/1
f 141/19/1 135/19/1 134/19/1
f 142/19/1 135/19/1 141/19/1
f 145/23/1 142/23/1 141/23/1
f 147/23/1 144/23/1 143/23/1
f 148/23/1 144/23/1 147/23/1
f 149/23/1 146/23/1 145/23/1
f 149/23/1 145/23/1 141/23/1
f 150/23/1 146/23/1 149/23/1
f 151/23/1 146/23/1 150/23/1
f 152/19/1 150/19/1 149/19/1
f 153/23/1 151/23/1 150/23/1
f 153/19/1 150/19/1 152/19/1
f 154/23/1 151/23/1 153/23/1
f 158/23/1 154/23/1 153/23/1
f 158/23/1 153/23/1 152/23/1
f 159/24/1 155/24/1 154/24/1
f 159/23/1 154/23/1 158/23/1
f 160/23/1 157/23/1 156/23/1
f 160/24/1 155/24/1 159/24/1
f 160/23/1 156/23/1 155/23/1
f 161/23/1 157/23/1 160/23/1
f 164/1/1 163/1/1 162/1/1
f 165/1/1 163/1/1 164/1/1
f 170/26/1 167/26/1 166/26/1
f 171/26/1 167/26/1 170/26/1
f 172/26/1 169/26/1 168/26/1
f 173/26/1 169/26/1 172/26/1
f 178/22/1 175/22/1 174/22/1
f 179/22/1 175/22/1 178/22/1
f 180/22/1 177/22/1 176/22/1
f 181/22/1 177/22/1 180/22/1
f 183/22/1 182/22/1 181/22/1
f 184/22/1 182/22/1 183/22/1
f 187/23/1 186/23/1 185/23/1
f 188/23/1 186/23/1 187/23/1
f 189/19/1 188/19/1 187/19/1
f 190/19/1 188/19/1 189/19/1
f 193/23/1 192/23/1 191/23/1
f 194/23/1 192/23/1 193/23/1
f 199/23/1 196/23/1 195/23/1
f 199/23/1 198/23/1 197/23/1
f 199/23/1 197/23/1 196/23/1
f 200/23/1 198/23/1 199/23/1
f 203/1/1 202/1/1 201/1/1
f 204/1/1 202/1/1 203/1/1
f 206/26/1 204/26/1 203/26/1
f 206/26/1 205/26/1 204/26/1
f 207/26/1 205/26/1 206/26/1
f 208/26/1 205/26/1 207/26/1
f 209/26/1 205/26/1 208/26/1
f 212/23/1 211/23/1 210/23/1
f 213/23/1 211/23/1 212/23/1
f 216/23/1 215/23/1 214/23/1
f 217/23/1 215/23/1 216/23/1
f 220/24/1 219/24/1 218/24/1
f 221/24/1 219/24/1 220/24/1
f 222/23/1 221/23/1 220/23/1
f 223/23/1 221/23/1 222/23/1
f 224/23/1 221/23/1 223/23/1
f 225/23/1 223/23/1 222/23/1
f 225/24/1 224/24/1 223/24/1
f 226/24/1 224/24/1 225/24/1
f 228/23/1 225/23/1 222/23/1
f 228/23/1 226/23/1 225/23/1
f 229/23/1 226/23/1 228/23/1
f 230/23/1 226/23/1 229/23/1
f 231/23/1 228/23/1 227/23/1
f 231/23/1 229/23/1 228/23/1
f 232/23/1 229/23/1 231/23/1
f 233/23/1 231/23/1 227/23/1
f 234/23/1 231/23/1 233/23/1
f 235/24/1 232/24/1 231/24/1
f 235/23/1 231/23/1 234/23/1
f 236/23/1 229/23/1 232/23/1
f 236/24/1 232/24/1 235/24/1
f 237/23/1 229/23/1 236/23/1
f 238/23/1 235/23/1 234/23/1
f 238/23/1 236/23/1 235/23/1
f 239/23/1 236/23/1 238/23/1
f 242/23/1 241/23/1 240/23/1
f 243/23/1 241/23/1 242/23/1
f 245/23/1 244/23/1 243/23/1
f 246/23/1 244/23/1 245/23/1
f 251/23/1 248/23/1 247/23/1
f 252/23/1 248/23/1 251/23/1
f 253/23/1 250/23/1 249/23/1
f 254/23/1 250/23/1 253/23/1
f 256/16/1 254/16/1 253/16/1
f 257/23/1 255/23/1 254/23/1
f 257/16/1 254/16/1 256/16/1
f 258/23/1 255/23/1 257/23/1
f 261/24/1 260/24/1 259/24/1
f 262/24/1 260/24/1 261/24/1
f 263/23/1 262/23/1 261/23/1
f 264/23/1 263/23/1 261/23/1
f 265/23/1 264/23/1 261/23/1
f 266/23/1 264/23/1 265/23/1
f 270/24/1 266/24/1 265/24/1
f 271/23/1 267/23/1 266/23/1
f 271/24/1 266/24/1 270/24/1
f 272/23/1 271/23/1 270/23/1
f 273/23/1 267/23/1 271/23/1
f 273/23/1 271/23/1 272/23/1
f 274/23/1 267/23/1 273/23/1
f 277/23/1 269/23/1 268/23/1
f 278/23/1 269/23/1 277/23/1
f 279/24/1 273/24/1 272/24/1
f 280/23/1 275/23/1 274/23/1
f 280/24/1 273/24/1 279/24/1
f 280/23/1 274/23/1 273/23/1
f 281/23/1 275/23/1 280/23/1
f 283/23/1 277/23/1 276/23/1
f 284/23/1 280/23/1 279/23/1
f 284/23/1 281/23/1 280/23/1
f 285/23/1 281/23/1 284/23/1
f 286/24/1 282/24/1 281/24/1
f 286/23/1 281/23/1 285/23/1
f 287/23/1 283/23/1 282/23/1
f 287/24/1 282/24/1 286/24/1
f 288/23/1 277/23/1 283/23/1
f 288/23/1 283/23/1 287/23/1
f 289/23/1 277/23/1 288/23/1
f 290/24/1 285/24/1 284/24/1
f 290/23/1 284/23/1 279/23/1
f 291/23/1 286/23/1 285/23/1
f 291/24/1 285/24/1 290/24/1
f 291/23/1 287/23/1 286/23/1
f 291/23/1 288/23/1 287/23/1
f 292/23/1 290/23/1 279/23/1
f 292/23/1 291/23/1 290/23/1
f 293/23/1 291/23/1 292/23/1
f 294/24/1 293/24/1 292/24/1
f 295/23/1 291/23/1 293/23/1
f 295/24/1 293/24/1 294/24/1
f 296/23/1 288/23/1 291/23/1
f 296/23/1 291/23/1 295/23/1
f 297/23/1 288/23/1 296/23/1
f 298/23/1 296/23/1 295/23/1
f 298/24/1 297/24/1 296/24/1
f 299/23/1 288/23/1 297/23/1
f 299/24/1 297/24/1 298/24/1
f 300/23/1 299/23/1 298/23/1
f 300/23/1 288/23/1 299/23/1
f 303/23/1 298/23/1 295/23/1
f 303/23/1 301/23/1 300/23/1
f 303/23/1 300/23/1 298/23/1
f 304/23/1 301/23/1 303/23/1
f 305/23/1 301/23/1 304/23/1
f 306/23/1 301/23/1 305/23/1
f 307/23/1 301/23/1 306/23/1
f 308/16/1 303/16/1 302/16/1
f 309/23/1 306/23/1 305/23/1
f 310/23/1 306/23/1 309/23/1
f 311/16/1 308/16/1 302/16/1
f 313/16/1 311/16/1 302/16/1
f 313/23/1 312/23/1 311/23/1
f 314/23/1 312/23/1 313/23/1
f 317/16/1 313/16/1 302/16/1
f 318/16/1 313/16/1 317/16/1
f 320/23/1 316/23/1 315/23/1
f 321/23/1 316/23/1 320/23/1
f 324/23/1 320/23/1 319/23/1
f 325/23/1 320/23/1 324/23/1
f 326/16/1 323/16/1 322/16/1
f 327/16/1 323/16/1 326/16/1
f 330/21/1 329/21/1 328/21/1
f 331/21/1 329/21/1 330/21/1
f 332/21/1 329/21/1 331/21/1
f 333/21/1 329/21/1 332/21/1
f 334/21/1 329/21/1 333/21/1
f 335/21/1 329/21/1 334/21/1
f 336/21/1 329/21/1 335/21/1
f 339/12/1 334/12/1 333/12/1
f 340/10/1 335/10/1 334/10/1
f 340/12/1 334/12/1 339/12/1
f 341/24/1 338/24/1 337/24/1
f 342/24/1 338/24/1 341/24/1
f 343/10/1 335/10/1 340/10/1
f 344/10/1 335/10/1 343/10/1
f 345/12/1 336/12/1 335/12/1
f 345/10/1 335/10/1 344/10/1
f 346/12/1 336/12/1 345/12/1
f 347/23/1 342/23/1 341/23/1
f 348/23/1 347/23/1 341/23/1
f 349/23/1 348/23/1 341/23/1
f 352/23/1 349/23/1 341/23/1
f 353/23/1 351/23/1 350/23/1
f 354/23/1 351/23/1 353/23/1
f 357/23/1 352/23/1 341/23/1
f 358/23/1 356/23/1 355/23/1
f 359/23/1 356/23/1 358/23/1
f 360/23/1 357/23/1 341/23/1
f 362/17/1 359/17/1 358/17/1
f 363/17/1 359/17/1 362/17/1
f 365/23/1 361/23/1 360/23/1
f 365/23/1 360/23/1 341/23/1
f 366/23/1 361/23/1 365/23/1
f 367/23/1 361/23/1 366/23/1
f 368/23/1 361/23/1 367/23/1
f 369/23/1 363/23/1 362/23/1
f 370/23/1 363/23/1 369/23/1
f 371/16/1 368/16/1 367/16/1
f 372/16/1 368/16/1 371/16/1
f 376/16/1 365/16/1 364/16/1
f 378/23/1 373/23/1 372/23/1
f 379/23/1 373/23/1 378/23/1
f 380/23/1 373/23/1 379/23/1
f 381/23/1 375/23/1 374/23/1
f 382/23/1 375/23/1 381/23/1
f 383/19/1 379/19/1 378/19/1
f 384/19/1 379/19/1 383/19/1
f 385/17/1 382/17/1 381/17/1
f 386/17/1 382/17/1 385/17/1
f 389/23/1 388/23/1 387/23/1
f 390/23/1 388/23/1 389/23/1
f 391/21/1 377/21/1 376/21/1
f 391/16/1 376/16/1 364/16/1
f 392/21/1 377/21/1 391/21/1
f 396/16/1 393/16/1 392/16/1
f 396/16/1 391/16/1 364/16/1
f 396/16/1 392/16/1 391/16/1
f 397/16/1 393/16/1 396/16/1
f 399/16/1 395/16/1 394/16/1
f 400/16/1 395/16/1 399/16/1
f 401/16/1 393/16/1 397/16/1
f 402/16/1 399/16/1 398/16/1
f 403/16/1 399/16/1 402/16/1
f 404/16/1 401/16/1 397/16/1
f 404/16/1 402/16/1 401/16/1
f 405/16/1 402/16/1 404/16/1
f 406/16/1 404/16/1 397/16/1
f 407/16/1 404/16/1 406/16/1
f 410/2/1 409/2/1 408/2/1
f 411/2/1 409/2/1 410/2/1
f 413/4/1 412/4/1 411/4/1
f 414/4/1 412/4/1 413/4/1
f 419/12/1 416/12/1 415/12/1
f 420/10/1 417/10/1 416/10/1
f 420/12/1 416/12/1 419/12/1
f 421/12/1 418/12/1 417/12/1
f 421/10/1 417/10/1 420/10/1
f 422/12/1 418/12/1 421/12/1
f 425/10/1 424/10/1 423/10/1
f 426/10/1 424/10/1 425/10/1
f 429/16/1 428/16/1 427/16/1
f 430/16/1 428/16/1 429/16/1
f 432/23/1 431/23/1 430/23/1
f 433/23/1 431/23/1 432/23/1
f 436/25/1 435/25/1 434/25/1
f 437/25/1 435/25/1 436/25/1
f 439/16/1 429/16/1 427/16/1
f 440/16/1 429/16/1 439/16/1
f 440/17/1 439/17/1 438/17/1
f 441/16/1 429/16/1 440/16/1
f 446/17/1 442/17/1 441/17/1
f 446/17/1 441/17/1 440/17/1
f 446/17/1 440/17/1 438/17/1
f 447/17/1 442/17/1 446/17/1
f 448/17/1 442/17/1 447/17/1
f 450/16/1 445/16/1 444/16/1
f 450/16/1 444/16/1 443/16/1
f 451/16/1 445/16/1 450/16/1
f 453/16/1 450/16/1 449/16/1
f 454/16/1 450/16/1 453/16/1
f 455/16/1 448/16/1 447/16/1
f 456/16/1 448/16/1 455/16/1
f 457/16/1 448/16/1 456/16/1
f 458/16/1 453/16/1 452/16/1
f 459/16/1 453/16/1 458/16/1
f 460/24/1 457/24/1 456/24/1
f 460/24/1 459/24/1 458/24/1
f 460/24/1 458/24/1 457/24/1
f 461/24/1 459/24/1 460/24/1
f 462/24/1 459/24/1 461/24/1
f 463/24/1 459/24/1 462/24/1
f 464/23/1 462/23/1 461/23/1
f 465/23/1 462/23/1 464/23/1
f 468/6/1 467/6/1 466/6/1
f 469/6/1 467/6/1 468/6/1
f 472/22/1 471/22/1 470/22/1
f 475/22/1 472/22/1 470/22/1
f 476/22/1 472/22/1 475/22/1
f 477/17/1 474/17/1 473/17/1
f 478/17/1 474/17/1 477/17/1
f 483/17/1 480/17/1 479/17/1
f 484/17/1 480/17/1 483/17/1
f 486/16/1 482/16/1 481/16/1
f 487/16/1 482/16/1 486/16/1
f 490/16/1 486/16/1 485/16/1
f 491/16/1 486/16/1 490/16/1
f 492/24/1 489/24/1 488/24/1
f 493/24/1 489/24/1 492/24/1
f 496/24/1 491/24/1 490/24/1
f 497/24/1 491/24/1 496/24/1
f 498/24/1 494/24/1 493/24/1
f 499/24/1 494/24/1 498/24/1
f 501/23/1 497/23/1 496/23/1
f 501/23/1 496/23/1 495/23/1
f 502/23/1 500/23/1 499/23/1
f 502/23/1 499/23/1 498/23/1
f 503/23/1 500/23/1 502/23/1
f 504/24/1 501/24/1 500/24/1
f 504/23/1 500/23/1 503/23/1
f 505/23/1 497/23/1 501/23/1
f 505/24/1 501/24/1 504/24/1
f 506/23/1 497/23/1 505/23/1
f 507/23/1 497/23/1 506/23/1
f 508/23/1 504/23/1 503/23/1
f 508/23/1 506/23/1 505/23/1
f 508/23/1 505/23/1 504/23/1
f 509/23/1 506/23/1 508/23/1
f 512/21/1 511/21/1 510/21/1
f 513/21/1 511/21/1 512/21/1
f 516/22/1 515/22/1 514/22/1
f 517/22/1 515/22/1 516/22/1
f 520/22/1 519/22/1 518/22/1
f 521/22/1 519/22/1 520/22/1
f 524/16/1 523/16/1 522/16/1
f 525/16/1 523/16/1 524/16/1
f 528/24/1 525/24/1 524/24/1
f 529/24/1 525/24/1 528/24/1
f 530/23/1 527/23/1 526/23/1
f 531/23/1 527/23/1 530/23/1
f 536/23/1 533/23/1 532/23/1
f 537/23/1 533/23/1 536/23/1
f 538/23/1 535/23/1 534/23/1
f 539/23/1 535/23/1 538/23/1
f 540/23/1 538/23/1 537/23/1
f 541/23/1 538/23/1 540/23/1
f 544/25/1 543/25/1 542/25/1
f 545/25/1 543/25/1 544/25/1
f 546/21/1 545/21/1 544/21/1
f 547/21/1 545/21/1 546/21/1
f 550/17/1 549/17/1 548/17/1
f 551/17/1 549/17/1 550/17/1
f 554/16/1 553/16/1 552/16/1
f 555/16/1 553/16/1 554/16/1
f 556/23/1 555/23/1 554/23/1
f 558/23/1 555/23/1 556/23/1
f 559/23/1 555/23/1 558/23/1
f 560/23/1 558/23/1 557/23/1
f 561/23/1 558/23/1 560/23/1
f 565/2/1 563/2/1 562/2/1
f 566/21/1 564/21/1 563/21/1
f 566/2/1 563/2/1 565/2/1
f 567/21/1 564/21/1 566/21/1
f 568/4/1 567/4/1 566/4/1
f 569/21/1 564/21/1 567/21/1
f 569/4/1 567/4/1 568/4/1
f 570/21/1 564/21/1 569/21/1
f 571/21/1 564/21/1 570/21/1
f 572/21/1 564/21/1 571/21/1
f 573/21/1 564/21/1 572/21/1
f 574/12/1 571/12/1 570/12/1
f 575/10/1 572/10/1 571/10/1
f 575/12/1 571/12/1 574/12/1
f 576/12/1 573/12/1 572/12/1
f 576/10/1 572/10/1 575/10/1
f 577/12/1 573/12/1 576/12/1
f 581/10/1 579/10/1 578/10/1
f 582/10/1 579/10/1 581/10/1
f 583/10/1 581/10/1 580/10/1
f 584/10/1 581/10/1 583/10/1
f 586/10/1 585/10/1 584/10/1
f 587/10/1 585/10/1 586/10/1
f 590/21/1 589/21/1 588/21/1
f 591/21/1 589/21/1 590/21/1
f 594/23/1 593/23/1 592/23/1
f 595/23/1 593/23/1 594/23/1
f 598/24/1 595/24/1 594/24/1
f 599/24/1 595/24/1 598/24/1
f 600/17/1 597/17/1 596/17/1
f 601/17/1 597/17/1 600/17/1
f 604/17/1 603/17/1 602/17/1
f 605/17/1 603/17/1 604/17/1
f 609/6/1 607/6/1 606/6/1
f 610/6/1 607/6/1 609/6/1
f 611/10/1 609/10/1 608/10/1
f 612/10/1 609/10/1 611/10/1
f 615/10/1 614/10/1 613/10/1
f 616/10/1 614/10/1 615/10/1
f 618/10/1 617/10/1 616/10/1
f 619/10/1 617/10/1 618/10/1
f 623/21/1 621/21/1 620/21/1
f 624/23/1 622/23/1 621/23/1
f 624/21/1 621/21/1 623/21/1
f 625/23/1 622/23/1 624/23/1
f 628/23/1 627/23/1 626/23/1
f 629/23/1 627/23/1 628/23/1
f 632/24/1 631/24/1 630/24/1
f 633/24/1 632/24/1 630/24/1
f 634/24/1 632/24/1 633/24/1
f 637/16/1 636/16/1 635/16/1
f 639/16/1 637/16/1 635/16/1
f 639/23/1 638/23/1 637/23/1
f 640/23/1 638/23/1 639/23/1
f 642/16/1 639/16/1 635/16/1
f 643/23/1 641/23/1 640/23/1
f 644/23/1 641/23/1 643/23/1
f 645/16/1 642/16/1 635/16/1
f 646/16/1 645/16/1 635/16/1
f 647/16/1 645/16/1 646/16/1
f 648/16/1 646/16/1 635/16/1
f 649/16/1 646/16/1 648/16/1
f 652/17/1 651/17/1 650/17/1
f 653/17/1 652/17/1 650/17/1
f 654/17/1 652/17/1 653/17/1
f 657/21/1 656/21/1 655/21/1
f 659/21/1 657/21/1 655/21/1
f 660/16/1 658/16/1 657/16/1
f 660/21/1 657/21/1 659/21/1
f 661/16/1 658/16/1 660/16/1
f 664/24/1 663/24/1 662/24/1
f 665/24/1 663/24/1 664/24/1
f 666/23/1 665/23/1 664/23/1
f 667/23/1 665/23/1 666/23/1
f 668/24/1 667/24/1 666/24/1
f 669/24/1 667/24/1 668/24/1
f 674/23/1 669/23/1 668/23/1
f 674/23/1 673/23/1 672/23/1
f 674/23/1 672/23/1 671/23/1
f 674/23/1 671/23/1 670/23/1
f 674/23/1 670/23/1 669/23/1
f 675/23/1 673/23/1 674/23/1
f 676/23/1 673/23/1 675/23/1
f 677/23/1 673/23/1 676/23/1
f 678/23/1 673/23/1 677/23/1
f 679/23/1 673/23/1 678/23/1
f 680/23/1 676/23/1 675/23/1
f 681/23/1 676/23/1 680/23/1
f 682/24/1 681/24/1 680/24/1
f 683/24/1 681/24/1 682/24/1
f 684/23/1 683/23/1 682/23/1
f 685/23/1 683/23/1 684/23/1
f 688/24/1 687/24/1 686/24/1
f 689/24/1 687/24/1 688/24/1
f 690/23/1 689/23/1 688/23/1
f 691/23/1 689/23/1 690/23/1
f 692/23/1 690/23/1 688/23/1
f 693/24/1 691/24/1 690/24/1
f 693/23/1 690/23/1 692/23/1
f 694/23/1 689/23/1 691/23/1
f 694/24/1 691/24/1 693/24/1
f 695/23/1 689/23/1 694/23/1
f 698/23/1 697/23/1 696/23/1
f 699/23/1 697/23/1 698/23/1
f 702/23/1 700/23/1 699/23/1
f 703/23/1 700/23/1 702/23/1
f 705/23/1 702/23/1 701/23/1
f 706/23/1 702/23/1 705/23/1
f 707/23/1 705/23/1 704/23/1
f 708/23/1 705/23/1 707/23/1
f 710/23/1 709/23/1 708/23/1
f 711/23/1 709/23/1 710/23/1
f 714/23/1 713/23/1 712/23/1
f 717/23/1 714/23/1 712/23/1
f 718/19/1 715/19/1 714/19/1
f 718/23/1 714/23/1 717/23/1
f 719/19/1 715/19/1 718/19/1
f 720/23/1 717/23/1 716/23/1
f 720/23/1 718/23/1 717/23/1
f 720/23/1 719/23/1 718/23/1
f 721/23/1 719/23/1 720/23/1
f 722/23/1 719/23/1 721/23/1
f 723/23/1 719/23/1 722/23/1
f 724/23/1 719/23/1 723/23/1
f 725/23/1 719/23/1 724/23/1
f 726/23/1 722/23/1 721/23/1
f 727/23/1 724/23/1 723/23/1
f 728/23/1 724/23/1 727/23/1
f 729/19/1 725/19/1 724/19/1
f 729/23/1 724/23/1 728/23/1
f 730/19/1 725/19/1 729/19/1
f 731/19/1 721/19/1 720/19/1
f 732/23/1 726/23/1 721/23/1
f 732/19/1 721/19/1 731/19/1
f 732/23/1 727/23/1 726/23/1
f 733/23/1 727/23/1 732/23/1
f 734/23/1 732/23/1 731/23/1
f 735/23/1 732/23/1 734/23/1
f 736/23/1 730/23/1 729/23/1
f 736/23/1 729/23/1 728/23/1
f 737/23/1 730/23/1 736/23/1
f 738/23/1 730/23/1 737/23/1
f 741/23/1 740/23/1 739/23/1
f 742/23/1 740/23/1 741/23/1
f 749/25/1 744/25/1 743/25/1
f 750/25/1 744/25/1 749/25/1
f 751/22/1 746/22/1 745/22/1
f 752/22/1 748/22/1 747/22/1
f 754/22/1 751/22/1 745/22/1
f 754/22/1 752/22/1 751/22/1
f 755/22/1 748/22/1 752/22/1
f 755/22/1 752/22/1 754/22/1
f 757/23/1 756/23/1 755/23/1
f 758/23/1 756/23/1 757/23/1
f 759/23/1 754/23/1 753/23/1
f 760/23/1 754/23/1 759/23/1
f 763/19/1 762/19/1 761/19/1
f 764/19/1 762/19/1 763/19/1
f 772/25/1 766/25/1 765/25/1
f 773/25/1 766/25/1 772/25/1
f 775/22/1 768/22/1 767/22/1
f 776/22/1 768/22/1 775/22/1
f 777/22/1 770/22/1 769/22/1
f 778/22/1 770/22/1 777/22/1
f 781/25/1 772/25/1 771/25/1
f 782/25/1 772/25/1 781/25/1
f 783/25/1 774/25/1 773/25/1
f 784/15/1 775/15/1 774/15/1
f 784/25/1 774/25/1 783/25/1
f 785/15/1 775/15/1 784/15/1
f 786/23/1 777/23/1 776/23/1
f 787/25/1 778/25/1 777/25/1
f 787/23/1 777/23/1 786/23/1
f 788/25/1 778/25/1 787/25/1
f 789/21/1 780/21/1 779/21/1
f 790/21/1 780/21/1 789/21/1
f 792/25/1 783/25/1 782/25/1
f 793/25/1 783/25/1 792/25/1
f 794/21/1 791/21/1 790/21/1
f 795/21/1 791/21/1 794/21/1
f 800/22/1 797/22/1 796/22/1
f 801/22/1 797/22/1 800/22/1
f 802/22/1 799/22/1 798/22/1
f 803/22/1 799/22/1 802/22/1
f 804/1/2 805/1/2 808/1/2
f 808/1/2 805/1/2 809/1/2
f 805/21/2 806/21/2 810/21/2
f 809/1/2 805/1/2 810/1/2
f 806/1/2 807/1/2 811/1/2
f 810/21/2 806/21/2 811/21/2
f 811/1/2 807/1/2 812/1/2
f 812/1/2 807/1/2 813/1/2
f 809/21/2 810/21/2 814/21/2
f 810/27/2 811/27/2 815/27/2
f 814/21/2 810/21/2 815/21/2
f 811/21/2 812/21/2 816/21/2
f 815/27/2 811/27/2 816/27/2
f 812/26/2 813/26/2 817/26/2
f 816/21/2 812/21/2 817/21/2
f 817/26/2 813/26/2 818/26/2
f 819/26/2 820/26/2 822/26/2
f 822/26/2 820/26/2 823/26/2
f 821/26/2 822/26/2 826/26/2
f 826/26/2 822/26/2 827/26/2
f 824/26/2 825/26/2 828/26/2
f 828/26/2 825/26/2 829/26/2
f 830/22/2 831/22/2 834/22/2
f 834/22/2 831/22/2 835/22/2
f 832/22/2 833/22/2 836/22/2
f 835/22/2 836/22/2 837/22/2
f 836/22/2 833/22/2 838/22/2
f 837/22/2 836/22/2 838/22/2
f 839/25/2 840/25/2 843/25/2
f 843/25/2 840/25/2 844/25/2
f 841/25/2 842/25/2 845/25/2
f 845/25/2 842/25/2 846/25/2
f 847/9/2 848/9/2 853/9/2
f 848/22/2 849/22/2 854/22/2
f 853/9/2 848/9/2 854/9/2
f 854/22/2 849/22/2 855/22/2
f 850/22/2 851/22/2 856/22/2
f 851/9/2 852/9/2 857/9/2
f 856/22/2 851/22/2 857/22/2
f 857/9/2 852/9/2 858/9/2
f 855/9/2 856/9/2 859/9/2
f 856/9/2 857/9/2 859/9/2
f 859/9/2 857/9/2 860/9/2
f 861/26/2 862/26/2 864/26/2
f 864/26/2 862/26/2 865/26/2
f 863/26/2 864/26/2 867/26/2
f 867/26/2 864/26/2 868/26/2
f 865/26/2 866/26/2 869/26/2
f 869/26/2 866/26/2 870/26/2
f 867/1/2 868/1/2 871/1/2
f 871/1/2 868/1/2 872/1/2
f 869/1/2 870/1/2 873/1/2
f 873/1/2 870/1/2 874/1/2
f 871/26/2 872/26/2 875/26/2
f 875/26/2 872/26/2 876/26/2
f 873/26/2 874/26/2 879/26/2
f 879/26/2 874/26/2 880/26/2
f 876/25/2 877/25/2 881/25/2
f 881/25/2 877/25/2 882/25/2
f 878/25/2 879/25/2 883/25/2
f 883/25/2 879/25/2 884/25/2
f 885/22/2 886/22/2 889/22/2
f 887/22/2 888/22/2 890/22/2
f 885/22/2 889/22/2 892/22/2
f 889/22/2 890/22/2 892/22/2
f 892/22/2 890/22/2 893/22/2
f 890/22/2 888/22/2 894/22/2
f 893/22/2 890/22/2 894/22/2
f 894/22/2 888/22/2 895/22/2
f 891/19/2 892/19/2 897/19/2
f 893/22/2 894/22/2 898/22/2
f 898/22/2 894/22/2 899/22/2
f 891/19/2 897/19/2 900/19/2
f 900/19/2 897/19/2 901/19/2
f 895/23/2 896/23/2 904/23/2
f 904/23/2 896/23/2 905/23/2
f 901/23/2 902/23/2 906/23/2
f 900/23/2 901/23/2 906/23/2
f 906/23/2 902/23/2 907/23/2
f 903/23/2 904/23/2 908/23/2
f 904/19/2 905/19/2 909/19/2
f 908/23/2 904/23/2 909/23/2
f 909/19/2 905/19/2 910/19/2
f 900/23/2 906/23/2 911/23/2
f 909/23/2 910/23/2 913/23/2
f 913/23/2 910/23/2 914/23/2
f 900/23/2 911/23/2 915/23/2
f 915/23/2 911/23/2 916/23/2
f 912/23/2 913/23/2 918/23/2
f 913/19/2 914/19/2 919/19/2
f 918/23/2 913/23/2 919/23/2
f 919/19/2 914/19/2 920/19/2
f 900/23/2 915/23/2 921/23/2
f 921/23/2 915/23/2 922/23/2
f 916/23/2 917/23/2 923/23/2
f 923/23/2 917/23/2 924/23/2
f 924/23/2 925/23/2 926/23/2
f 926/23/2 925/23/2 927/23/2
f 919/23/2 920/23/2 928/23/2
f 928/23/2 920/23/2 929/23/2
f 930/23/2 931/23/2 932/23/2
f 932/23/2 931/23/2 933/23/2
f 934/26/2 935/26/2 936/26/2
f 936/26/2 935/26/2 937/26/2
f 936/1/2 937/1/2 938/1/2
f 938/1/2 937/1/2 939/1/2
f 938/26/2 939/26/2 940/26/2
f 938/26/2 940/26/2 941/26/2
f 941/26/2 940/26/2 942/26/2
f 943/19/2 944/19/2 947/19/2
f 947/19/2 944/19/2 948/19/2
f 945/23/2 946/23/2 949/23/2
f 947/23/2 948/23/2 950/23/2
f 948/23/2 949/23/2 950/23/2
f 950/23/2 949/23/2 951/23/2
f 949/23/2 946/23/2 952/23/2
f 951/23/2 949/23/2 952/23/2
f 952/23/2 946/23/2 953/23/2
f 951/23/2 952/23/2 955/23/2
f 955/23/2 952/23/2 956/23/2
f 954/19/2 955/19/2 958/19/2
f 956/23/2 957/23/2 959/23/2
f 958/19/2 955/19/2 959/19/2
f 955/23/2 956/23/2 959/23/2
f 959/23/2 957/23/2 960/23/2
f 960/23/2 957/23/2 961/23/2
f 958/23/2 959/23/2 963/23/2
f 959/23/2 960/23/2 963/23/2
f 963/23/2 960/23/2 964/23/2
f 964/23/2 960/23/2 965/23/2
f 962/23/2 963/23/2 967/23/2
f 965/23/2 966/23/2 968/23/2
f 964/23/2 965/23/2 968/23/2
f 968/23/2 966/23/2 969/23/2
f 962/23/2 967/23/2 971/23/2
f 971/23/2 967/23/2 972/23/2
f 969/23/2 966/23/2 973/23/2
f 973/23/2 966/23/2 974/23/2
f 970/19/2 971/19/2 975/19/2
f 970/19/2 975/19/2 977/19/2
f 975/19/2 976/19/2 977/19/2
f 977/19/2 976/19/2 978/19/2
f 978/19/2 976/19/2 979/19/2
f 980/24/2 981/24/2 982/24/2
f 982/24/2 981/24/2 983/24/2
f 982/23/2 983/23/2 984/23/2
f 984/23/2 983/23/2 985/23/2
f 986/23/2 987/23/2 989/23/2
f 989/23/2 987/23/2 990/23/2
f 988/23/2 989/23/2 991/23/2
f 991/23/2 989/23/2 992/23/2
f 993/23/2 994/23/2 995/23/2
f 995/23/2 994/23/2 996/23/2
f 997/23/2 998/23/2 999/23/2
f 999/23/2 998/23/2 1000/23/2
f 1001/24/2 1002/24/2 1003/24/2
f 1003/24/2 1002/24/2 1004/24/2
f 1003/23/2 1004/23/2 1005/23/2
f 1003/23/2 1005/23/2 1010/23/2
f 1008/23/2 1009/23/2 1010/23/2
f 1007/23/2 1008/23/2 1010/23/2
f 1006/23/2 1007/23/2 1010/23/2
f 1005/23/2 1006/23/2 1010/23/2
f 1010/23/2 1009/23/2 1011/23/2
f 1010/24/2 1011/24/2 1012/24/2
f 1011/23/2 1009/23/2 1013/23/2
f 1012/24/2 1011/24/2 1013/24/2
f 1013/23/2 1009/23/2 1014/23/2
f 1012/23/2 1013/23/2 1015/23/2
f 1013/23/2 1014/23/2 1015/23/2
f 1015/23/2 1014/23/2 1016/23/2
f 1016/23/2 1014/23/2 1017/23/2
f 1017/23/2 1014/23/2 1018/23/2
f 1018/23/2 1014/23/2 1019/23/2
f 1019/23/2 1014/23/2 1020/23/2
f 1015/24/2 1016/24/2 1021/24/2
f 1021/24/2 1016/24/2 1022/24/2
f 1021/23/2 1022/23/2 1023/23/2
f 1023/23/2 1022/23/2 1024/23/2
f 1025/21/2 1026/21/2 1027/21/2
f 1025/21/2 1027/21/2 1029/21/2
f 1027/16/2 1028/16/2 1030/16/2
f 1029/21/2 1027/21/2 1030/21/2
f 1030/16/2 1028/16/2 1031/16/2
f 1032/24/2 1033/24/2 1034/24/2
f 1032/24/2 1034/24/2 1035/24/2
f 1035/24/2 1034/24/2 1036/24/2
f 1037/16/2 1038/16/2 1039/16/2
f 1037/16/2 1039/16/2 1041/16/2
f 1039/23/2 1040/23/2 1041/23/2
f 1041/23/2 1040/23/2 1042/23/2
f 1037/16/2 1041/16/2 1044/16/2
f 1042/23/2 1043/23/2 1045/23/2
f 1045/23/2 1043/23/2 1046/23/2
f 1037/16/2 1044/16/2 1047/16/2
f 1037/16/2 1047/16/2 1048/16/2
f 1048/16/2 1047/16/2 1049/16/2
f 1037/16/2 1048/16/2 1050/16/2
f 1050/16/2 1048/16/2 1051/16/2
f 1052/17/2 1053/17/2 1054/17/2
f 1052/17/2 1054/17/2 1055/17/2
f 1055/17/2 1054/17/2 1056/17/2
f 1057/6/2 1058/6/2 1060/6/2
f 1060/6/2 1058/6/2 1061/6/2
f 1059/10/2 1060/10/2 1062/10/2
f 1062/10/2 1060/10/2 1063/10/2
f 1064/10/2 1065/10/2 1066/10/2
f 1066/10/2 1065/10/2 1067/10/2
f 1067/10/2 1068/10/2 1069/10/2
f 1069/10/2 1068/10/2 1070/10/2
f 1071/21/2 1072/21/2 1074/21/2
f 1072/23/2 1073/23/2 1075/23/2
f 1074/21/2 1072/21/2 1075/21/2
f 1075/23/2 1073/23/2 1076/23/2
f 1077/23/2 1078/23/2 1079/23/2
f 1079/23/2 1078/23/2 1080/23/2
f 1081/2/2 1082/2/2 1084/2/2
f 1082/21/2 1083/21/2 1085/21/2
f 1084/2/2 1082/2/2 1085/2/2
f 1085/21/2 1083/21/2 1086/21/2
f 1085/4/2 1086/4/2 1087/4/2
f 1086/21/2 1083/21/2 1088/21/2
f 1087/4/2 1086/4/2 1088/4/2
f 1088/21/2 1083/21/2 1089/21/2
f 1089/21/2 1083/21/2 1090/21/2
f 1090/21/2 1083/21/2 1091/21/2
f 1091/21/2 1083/21/2 1092/21/2
f 1089/12/2 1090/12/2 1093/12/2
f 1090/10/2 1091/10/2 1094/10/2
f 1093/12/2 1090/12/2 1094/12/2
f 1091/12/2 1092/12/2 1095/12/2
f 1094/10/2 1091/10/2 1095/10/2
f 1095/12/2 1092/12/2 1096/12/2
f 1097/10/2 1098/10/2 1100/10/2
f 1100/10/2 1098/10/2 1101/10/2
f 1099/10/2 1100/10/2 1102/10/2
f 1102/10/2 1100/10/2 1103/10/2
f 1103/10/2 1104/10/2 1105/10/2
f 1105/10/2 1104/10/2 1106/10/2
f 1107/21/2 1108/21/2 1109/21/2
f 1109/21/2 1108/21/2 1110/21/2
f 1111/23/2 1112/23/2 1113/23/2
f 1113/23/2 1112/23/2 1114/23/2
f 1113/24/2 1114/24/2 1117/24/2
f 1117/24/2 1114/24/2 1118/24/2
f 1115/17/2 1116/17/2 1119/17/2
f 1119/17/2 1116/17/2 1120/17/2
f 1121/17/2 1122/17/2 1123/17/2
f 1123/17/2 1122/17/2 1124/17/2
f 1125/25/2 1126/25/2 1127/25/2
f 1127/25/2 1126/25/2 1128/25/2
f 1127/21/2 1128/21/2 1129/21/2
f 1129/21/2 1128/21/2 1130/21/2
f 1131/17/2 1132/17/2 1133/17/2
f 1133/17/2 1132/17/2 1134/17/2
f 1135/16/2 1136/16/2 1137/16/2
f 1137/16/2 1136/16/2 1138/16/2
f 1137/23/2 1138/23/2 1139/23/2
f 1139/23/2 1138/23/2 1141/23/2
f 1141/23/2 1138/23/2 1142/23/2
f 1140/23/2 1141/23/2 1143/23/2
f 1143/23/2 1141/23/2 1144/23/2
f 1145/21/2 1146/21/2 1147/21/2
f 1147/21/2 1146/21/2 1148/21/2
f 1149/22/2 1150/22/2 1151/22/2
f 1151/22/2 1150/22/2 1152/22/2
f 1153/22/2 1154/22/2 1155/22/2
f 1155/22/2 1154/22/2 1156/22/2
f 1157/16/2 1158/16/2 1159/16/2
f 1159/16/2 1158/16/2 1160/16/2
f 1159/24/2 1160/24/2 1163/24/2
f 1163/24/2 1160/24/2 1164/24/2
f 1161/23/2 1162/23/2 1165/23/2
f 1165/23/2 1162/23/2 1166/23/2
f 1167/23/2 1168/23/2 1171/23/2
f 1171/23/2 1168/23/2 1172/23/2
f 1169/23/2 1170/23/2 1173/23/2
f 1173/23/2 1170/23/2 1174/23/2
f 1172/23/2 1173/23/2 1175/23/2
f 1175/23/2 1173/23/2 1176/23/2
f 1177/6/2 1178/6/2 1179/6/2
f 1179/6/2 1178/6/2 1180/6/2
f 1181/22/2 1182/22/2 1183/22/2
f 1181/22/2 1183/22/2 1186/22/2
f 1186/22/2 1183/22/2 1187/22/2
f 1184/17/2 1185/17/2 1188/17/2
f 1188/17/2 1185/17/2 1189/17/2
f 1190/17/2 1191/17/2 1194/17/2
f 1194/17/2 1191/17/2 1195/17/2
f 1192/16/2 1193/16/2 1197/16/2
f 1197/16/2 1193/16/2 1198/16/2
f 1198/16/2 1193/16/2 1199/16/2
f 1196/16/2 1197/16/2 1202/16/2
f 1197/16/2 1198/16/2 1202/16/2
f 1202/16/2 1198/16/2 1203/16/2
f 1203/16/2 1198/16/2 1204/16/2
f 1200/24/2 1201/24/2 1205/24/2
f 1205/24/2 1201/24/2 1206/24/2
f 1203/24/2 1204/24/2 1209/24/2
f 1209/24/2 1204/24/2 1210/24/2
f 1206/23/2 1207/23/2 1211/23/2
f 1209/23/2 1210/23/2 1212/23/2
f 1208/23/2 1209/23/2 1212/23/2
f 1212/23/2 1210/23/2 1213/23/2
f 1213/23/2 1210/23/2 1214/23/2
f 1214/23/2 1210/23/2 1215/23/2
f 1206/23/2 1211/23/2 1216/23/2
f 1211/23/2 1212/23/2 1216/23/2
f 1216/23/2 1212/23/2 1217/23/2
f 1212/24/2 1213/24/2 1218/24/2
f 1217/23/2 1212/23/2 1218/23/2
f 1213/23/2 1214/23/2 1219/23/2
f 1218/24/2 1213/24/2 1219/24/2
f 1214/24/2 1215/24/2 1220/24/2
f 1219/23/2 1214/23/2 1220/23/2
f 1220/24/2 1215/24/2 1221/24/2
f 1218/23/2 1219/23/2 1222/23/2
f 1219/23/2 1220/23/2 1222/23/2
f 1217/23/2 1218/23/2 1222/23/2
f 1222/23/2 1220/23/2 1223/23/2
f 1224/2/2 1225/2/2 1226/2/2
f 1226/2/2 1225/2/2 1227/2/2
f 1227/4/2 1228/4/2 1229/4/2
f 1229/4/2 1228/4/2 1230/4/2
f 1231/12/2 1232/12/2 1235/12/2
f 1232/10/2 1233/10/2 1236/10/2
f 1235/12/2 1232/12/2 1236/12/2
f 1233/12/2 1234/12/2 1237/12/2
f 1236/10/2 1233/10/2 1237/10/2
f 1237/12/2 1234/12/2 1238/12/2
f 1239/10/2 1240/10/2 1241/10/2
f 1241/10/2 1240/10/2 1242/10/2
f 1243/16/2 1244/16/2 1245/16/2
f 1245/16/2 1244/16/2 1246/16/2
f 1246/23/2 1247/23/2 1248/23/2
f 1248/23/2 1247/23/2 1249/23/2
f 1250/25/2 1251/25/2 1252/25/2
f 1252/25/2 1251/25/2 1253/25/2
f 1243/16/2 1245/16/2 1255/16/2
f 1255/16/2 1245/16/2 1256/16/2
f 1254/17/2 1255/17/2 1256/17/2
f 1256/16/2 1245/16/2 1257/16/2
f 1254/17/2 1256/17/2 1262/17/2
f 1257/17/2 1258/17/2 1262/17/2
f 1256/17/2 1257/17/2 1262/17/2
f 1262/17/2 1258/17/2 1263/17/2
f 1263/17/2 1258/17/2 1264/17/2
f 1260/16/2 1261/16/2 1265/16/2
f 1259/16/2 1260/16/2 1265/16/2
f 1265/16/2 1261/16/2 1266/16/2
f 1259/16/2 1265/16/2 1268/16/2
f 1268/16/2 1265/16/2 1269/16/2
f 1263/16/2 1264/16/2 1270/16/2
f 1270/16/2 1264/16/2 1271/16/2
f 1271/16/2 1264/16/2 1272/16/2
f 1267/16/2 1268/16/2 1273/16/2
f 1273/16/2 1268/16/2 1274/16/2
f 1271/24/2 1272/24/2 1276/24/2
f 1274/24/2 1275/24/2 1276/24/2
f 1273/24/2 1274/24/2 1276/24/2
f 1272/24/2 1273/24/2 1276/24/2
f 1276/24/2 1275/24/2 1277/24/2
f 1277/24/2 1275/24/2 1278/24/2
f 1278/24/2 1275/24/2 1279/24/2
f 1277/23/2 1278/23/2 1280/23/2
f 1280/23/2 1278/23/2 1281/23/2
f 1282/21/2 1283/21/2 1284/21/2
f 1284/21/2 1283/21/2 1285/21/2
f 1285/21/2 1283/21/2 1286/21/2
f 1286/21/2 1283/21/2 1287/21/2
f 1287/21/2 1283/21/2 1288/21/2
f 1288/21/2 1283/21/2 1289/21/2
f 1289/21/2 1283/21/2 1290/21/2
f 1287/12/2 1288/12/2 1293/12/2
f 1288/10/2 1289/10/2 1294/10/2
f 1293/12/2 1288/12/2 1294/12/2
f 1294/10/2 1289/10/2 1295/10/2
f 1291/24/2 1292/24/2 1296/24/2
f 1296/24/2 1292/24/2 1297/24/2
f 1295/10/2 1289/10/2 1298/10/2
f 1296/23/2 1297/23/2 1299/23/2
f 1296/23/2 1299/23/2 1300/23/2
f 1298/10/2 1289/10/2 1301/10/2
f 1289/12/2 1290/12/2 1302/12/2
f 1301/10/2 1289/10/2 1302/10/2
f 1302/12/2 1290/12/2 1303/12/2
f 1296/23/2 1300/23/2 1304/23/2
f 1304/23/2 1300/23/2 1305/23/2
f 1304/24/2 1305/24/2 1306/24/2
f 1306/24/2 1305/24/2 1307/24/2
f 1308/23/2 1309/23/2 1310/23/2
f 1310/23/2 1309/23/2 1311/23/2
f 1306/23/2 1307/23/2 1314/23/2
f 1306/23/2 1314/23/2 1315/23/2
f 1306/23/2 1315/23/2 1316/23/2
f 1316/23/2 1315/23/2 1317/23/2
f 1316/24/2 1317/24/2 1318/24/2
f 1318/24/2 1317/24/2 1319/24/2
f 1312/19/2 1313/19/2 1321/19/2
f 1321/19/2 1313/19/2 1322/19/2
f 1319/23/2 1320/23/2 1324/23/2
f 1318/23/2 1319/23/2 1324/23/2
f 1324/23/2 1320/23/2 1325/23/2
f 1321/23/2 1322/23/2 1326/23/2
f 1326/23/2 1322/23/2 1327/23/2
f 1326/19/2 1327/19/2 1328/19/2
f 1328/19/2 1327/19/2 1329/19/2
f 1325/23/2 1320/23/2 1330/23/2
f 1330/23/2 1320/23/2 1331/23/2
f 1323/16/2 1324/16/2 1332/16/2
f 1330/16/2 1331/16/2 1333/16/2
f 1333/16/2 1331/16/2 1334/16/2
f 1332/21/2 1333/21/2 1334/21/2
f 1334/16/2 1331/16/2 1335/16/2
f 1323/16/2 1332/16/2 1336/16/2
f 1332/21/2 1334/21/2 1336/21/2
f 1336/21/2 1334/21/2 1337/21/2
f 1336/16/2 1337/16/2 1340/16/2
f 1323/16/2 1336/16/2 1340/16/2
f 1340/16/2 1337/16/2 1341/16/2
f 1341/16/2 1337/16/2 1342/16/2
f 1338/16/2 1339/16/2 1343/16/2
f 1343/16/2 1339/16/2 1344/16/2
f 1341/16/2 1342/16/2 1345/16/2
f 1342/16/2 1343/16/2 1345/16/2
f 1345/16/2 1343/16/2 1346/16/2
f 1341/16/2 1345/16/2 1347/16/2
f 1347/16/2 1345/16/2 1348/16/2
f 1349/24/2 1350/24/2 1351/24/2
f 1351/24/2 1350/24/2 1352/24/2
f 1351/23/2 1352/23/2 1353/23/2
f 1353/23/2 1352/23/2 1354/23/2
f 1353/24/2 1354/24/2 1355/24/2
f 1355/24/2 1354/24/2 1356/24/2
f 1355/23/2 1356/23/2 1357/23/2
f 1359/23/2 1360/23/2 1361/23/2
f 1361/23/2 1360/23/2 1362/23/2
f 1357/23/2 1358/23/2 1363/23/2
f 1361/24/2 1362/24/2 1366/24/2
f 1366/24/2 1362/24/2 1367/24/2
f 1363/23/2 1364/23/2 1368/23/2
f 1365/23/2 1366/23/2 1369/23/2
f 1369/23/2 1366/23/2 1370/23/2
f 1368/23/2 1369/23/2 1370/23/2
f 1370/23/2 1366/23/2 1371/23/2
f 1355/23/2 1357/23/2 1372/23/2
f 1357/23/2 1363/23/2 1372/23/2
f 1368/23/2 1370/23/2 1372/23/2
f 1363/23/2 1368/23/2 1372/23/2
f 1372/23/2 1370/23/2 1373/23/2
f 1372/24/2 1373/24/2 1374/24/2
f 1373/23/2 1370/23/2 1375/23/2
f 1374/24/2 1373/24/2 1375/24/2
f 1374/23/2 1375/23/2 1376/23/2
f 1375/23/2 1370/23/2 1377/23/2
f 1376/23/2 1375/23/2 1377/23/2
f 1377/23/2 1370/23/2 1378/23/2
f 1377/23/2 1378/23/2 1380/23/2
f 1378/19/2 1379/19/2 1381/19/2
f 1380/23/2 1378/23/2 1381/23/2
f 1381/19/2 1379/19/2 1382/19/2
f 1377/23/2 1380/23/2 1383/23/2
f 1383/23/2 1380/23/2 1384/23/2
f 1385/23/2 1386/23/2 1390/23/2
f 1390/23/2 1386/23/2 1391/23/2
f 1387/23/2 1388/23/2 1392/23/2
f 1392/23/2 1388/23/2 1393/23/2
f 1389/16/2 1390/16/2 1394/16/2
f 1389/16/2 1394/16/2 1397/16/2
f 1397/16/2 1394/16/2 1398/16/2
f 1395/23/2 1396/23/2 1399/23/2
f 1399/23/2 1396/23/2 1400/23/2
f 1401/24/2 1402/24/2 1403/24/2
f 1403/24/2 1402/24/2 1404/24/2
f 1403/23/2 1404/23/2 1405/23/2
f 1405/23/2 1404/23/2 1406/23/2
f 1403/23/2 1405/23/2 1407/23/2
f 1405/24/2 1406/24/2 1407/24/2
f 1406/23/2 1404/23/2 1408/23/2
f 1407/24/2 1406/24/2 1408/24/2
f 1403/23/2 1407/23/2 1409/23/2
f 1407/23/2 1408/23/2 1409/23/2
f 1409/23/2 1408/23/2 1410/23/2
f 1410/23/2 1408/23/2 1411/23/2
f 1411/23/2 1408/23/2 1412/23/2
f 1408/23/2 1404/23/2 1413/23/2
f 1412/23/2 1408/23/2 1413/23/2
f 1413/23/2 1404/23/2 1414/23/2
f 1411/24/2 1412/24/2 1415/24/2
f 1410/23/2 1411/23/2 1415/23/2
f 1412/23/2 1413/23/2 1416/23/2
f 1415/24/2 1412/24/2 1416/24/2
f 1410/23/2 1415/23/2 1417/23/2
f 1415/23/2 1416/23/2 1417/23/2
f 1417/23/2 1416/23/2 1418/23/2
f 1416/23/2 1413/23/2 1419/23/2
f 1418/23/2 1416/23/2 1419/23/2
f 1419/23/2 1413/23/2 1420/23/2
f 1418/23/2 1419/23/2 1421/23/2
f 1421/23/2 1419/23/2 1422/23/2
f 1423/23/2 1424/23/2 1425/23/2
f 1425/23/2 1424/23/2 1426/23/2
f 1426/23/2 1424/23/2 1427/23/2
f 1427/23/2 1424/23/2 1428/23/2
f 1427/17/2 1428/17/2 1429/17/2
f 1429/17/2 1428/17/2 1430/17/2
f 1431/23/2 1432/23/2 1435/23/2
f 1435/23/2 1432/23/2 1436/23/2
f 1433/19/2 1434/19/2 1438/19/2
f 1438/19/2 1434/19/2 1439/19/2
f 1436/23/2 1437/23/2 1440/23/2
f 1440/23/2 1437/23/2 1441/23/2
f 1442/23/2 1443/23/2 1444/23/2
f 1444/23/2 1443/23/2 1445/23/2
f 1446/19/2 1447/19/2 1450/19/2
f 1448/23/2 1449/23/2 1451/23/2
f 1450/19/2 1447/19/2 1451/19/2
f 1447/23/2 1448/23/2 1451/23/2
f 1451/23/2 1449/23/2 1452/23/2
f 1453/22/2 1454/22/2 1455/22/2
f 1455/22/2 1454/22/2 1456/22/2
f 1457/23/2 1458/23/2 1459/23/2
f 1459/23/2 1458/23/2 1460/23/2
f 1459/19/2 1460/19/2 1461/19/2
f 1461/19/2 1460/19/2 1462/19/2
f 1461/23/2 1462/23/2 1463/23/2
f 1463/23/2 1462/23/2 1464/23/2
f 1464/23/2 1462/23/2 1465/23/2
f 1465/23/2 1462/23/2 1466/23/2
f 1466/23/2 1462/23/2 1467/23/2
f 1466/19/2 1467/19/2 1471/19/2
f 1471/19/2 1467/19/2 1472/19/2
f 1468/19/2 1469/19/2 1473/19/2
f 1469/24/2 1470/24/2 1474/24/2
f 1473/19/2 1469/19/2 1474/19/2
f 1470/23/2 1471/23/2 1475/23/2
f 1474/24/2 1470/24/2 1475/24/2
f 1471/23/2 1472/23/2 1475/23/2
f 1475/23/2 1472/23/2 1476/23/2
f 1477/25/2 1478/25/2 1480/25/2
f 1480/25/2 1478/25/2 1481/25/2
f 1479/25/2 1480/25/2 1489/25/2
f 1489/25/2 1480/25/2 1490/25/2
f 1481/25/2 1482/25/2 1491/25/2
f 1482/15/2 1483/15/2 1492/15/2
f 1491/25/2 1482/25/2 1492/25/2
f 1492/15/2 1483/15/2 1493/15/2
f 1484/23/2 1485/23/2 1494/23/2
f 1494/23/2 1485/23/2 1495/23/2
f 1486/25/2 1487/25/2 1496/25/2
f 1487/21/2 1488/21/2 1497/21/2
f 1496/25/2 1487/25/2 1497/25/2
f 1497/21/2 1488/21/2 1498/21/2
f 1490/25/2 1491/25/2 1500/25/2
f 1500/25/2 1491/25/2 1501/25/2
f 1498/21/2 1499/21/2 1502/21/2
f 1502/21/2 1499/21/2 1503/21/2
f 1496/22/2 1497/22/2 1504/22/2
f 1504/22/2 1497/22/2 1505/22/2
f 1504/23/2 1505/23/2 1506/23/2
f 1506/23/2 1505/23/2 1507/23/2
f 1508/23/2 1509/23/2 1510/23/2
f 1510/23/2 1509/23/2 1511/23/2
f 1510/19/2 1511/19/2 1515/19/2
f 1515/19/2 1511/19/2 1516/19/2
f 1513/23/2 1514/23/2 1517/23/2
f 1512/23/2 1513/23/2 1517/23/2
f 1515/23/2 1516/23/2 1519/23/2
f 1519/23/2 1516/23/2 1520/23/2
f 1517/23/2 1518/23/2 1521/23/2
f 1512/23/2 1517/23/2 1521/23/2
f 1521/23/2 1518/23/2 1522/23/2
f 1519/19/2 1520/19/2 1523/19/2
f 1523/19/2 1520/19/2 1524/19/2
f 1512/23/2 1521/23/2 1525/23/2
f 1521/19/2 1522/19/2 1525/19/2
f 1522/23/2 1518/23/2 1526/23/2
f 1525/19/2 1522/19/2 1526/19/2
f 1526/23/2 1518/23/2 1527/23/2
f 1523/23/2 1524/23/2 1528/23/2
f 1512/23/2 1525/23/2 1529/23/2
f 1527/23/2 1528/23/2 1529/23/2
f 1526/23/2 1527/23/2 1529/23/2
f 1525/23/2 1526/23/2 1529/23/2
f 1528/23/2 1524/23/2 1530/23/2
f 1529/23/2 1528/23/2 1530/23/2
f 1535/25/2 1536/25/2 1537/25/2
f 1537/25/2 1536/25/2 1538/25/2
f 1531/22/2 1532/22/2 1539/22/2
f 1533/22/2 1534/22/2 1540/22/2
f 1531/22/2 1539/22/2 1542/22/2
f 1539/22/2 1540/22/2 1542/22/2
f 1540/22/2 1534/22/2 1543/22/2
f 1542/22/2 1540/22/2 1543/22/2
f 1543/22/2 1534/22/2 1544/22/2
f 1541/23/2 1542/23/2 1545/23/2
f 1545/23/2 1542/23/2 1546/23/2
f 1543/23/2 1544/23/2 1547/23/2
f 1547/23/2 1544/23/2 1548/23/2
f 1545/19/2 1546/19/2 1550/19/2
f 1550/19/2 1546/19/2 1551/19/2
f 1548/23/2 1549/23/2 1554/23/2
f 1554/23/2 1549/23/2 1555/23/2
f 1551/23/2 1552/23/2 1556/23/2
f 1550/23/2 1551/23/2 1556/23/2
f 1556/23/2 1552/23/2 1557/23/2
f 1557/23/2 1552/23/2 1558/23/2
f 1553/23/2 1554/23/2 1559/23/2
f 1556/19/2 1557/19/2 1560/19/2
f 1557/23/2 1558/23/2 1561/23/2
f 1560/19/2 1557/19/2 1561/19/2
f 1558/23/2 1559/23/2 1561/23/2
f 1561/23/2 1559/23/2 1562/23/2
f 1559/23/2 1554/23/2 1563/23/2
f 1562/23/2 1559/23/2 1563/23/2
f 1562/19/2 1563/19/2 1564/19/2
f 1563/23/2 1554/23/2 1565/23/2
f 1564/19/2 1563/19/2 1565/19/2
f 1565/23/2 1554/23/2 1566/23/2
f 1566/23/2 1554/23/2 1567/23/2
f 1568/23/2 1569/23/2 1570/23/2
f 1568/23/2 1570/23/2 1572/23/2
f 1570/23/2 1571/23/2 1572/23/2
f 1572/23/2 1571/23/2 1573/23/2
f 1573/23/2 1571/23/2 1574/23/2
f 1574/23/2 1571/23/2 1575/23/2
f 1573/23/2 1574/23/2 1576/23/2
f 1576/23/2 1574/23/2 1577/23/2
f 1581/17/3 1579/17/3 1578/17/3
f 1582/17/3 1579/17/3 1581/17/3
f 1584/17/3 1581/17/3 1580/17/3
f 1585/17/3 1581/17/3 1584/17/3
f 1586/17/3 1583/17/3 1582/17/3
f 1587/17/3 1583/17/3 1586/17/3
f 1589/17/3 1586/17/3 1585/17/3
f 1590/17/3 1586/17/3 1589/17/3
f 1592/17/3 1589/17/3 1588/17/3
f 1593/17/3 1589/17/3 1592/17/3
f 1594/17/3 1591/17/3 1590/17/3
f 1595/17/3 1591/17/3 1594/17/3
f 1596/17/3 1594/17/3 1593/17/3
f 1597/17/3 1594/17/3 1596/17/3
f 1600/25/3 1599/25/3 1598/25/3
f 1601/25/3 1599/25/3 1600/25/3
f 1608/16/3 1605/16/3 1604/16/3
f 1609/16/3 1605/16/3 1608/16/3
f 1610/16/3 1605/16/3 1609/16/3
f 1611/16/3 1605/16/3 1610/16/3
f 1613/16/3 1607/16/3 1606/16/3
f 1614/16/3 1607/16/3 1613/16/3
f 1615/16/3 1607/16/3 1614/16/3
f 1618/22/3 1610/22/3 1609/22/3
f 1619/21/3 1612/21/3 1611/21/3
f 1620/23/3 1613/23/3 1612/23/3
f 1620/21/3 1612/21/3 1619/21/3
f 1621/16/3 1615/16/3 1614/16/3
f 1622/24/3 1616/24/3 1615/24/3
f 1622/16/3 1615/16/3 1621/16/3
f 1623/24/3 1616/24/3 1622/24/3
f 1625/2/3 1603/2/3 1602/2/3
f 1626/2/3 1603/2/3 1625/2/3
f 1627/22/3 1618/22/3 1617/22/3
f 1628/22/3 1610/22/3 1618/22/3
f 1628/22/3 1618/22/3 1627/22/3
f 1629/22/3 1610/22/3 1628/22/3
f 1630/23/3 1620/23/3 1619/23/3
f 1631/23/3 1613/23/3 1620/23/3
f 1631/23/3 1620/23/3 1630/23/3
f 1632/22/3 1622/22/3 1621/22/3
f 1635/8/3 1628/8/3 1627/8/3
f 1636/22/3 1630/22/3 1629/22/3
f 1636/8/3 1628/8/3 1635/8/3
f 1636/22/3 1629/22/3 1628/22/3
f 1637/22/3 1630/22/3 1636/22/3
f 1638/22/3 1630/22/3 1637/22/3
f 1639/22/3 1632/22/3 1631/22/3
f 1640/22/3 1622/22/3 1632/22/3
f 1640/22/3 1632/22/3 1639/22/3
f 1641/22/3 1636/22/3 1635/22/3
f 1641/22/3 1637/22/3 1636/22/3
f 1642/22/3 1637/22/3 1641/22/3
f 1643/23/3 1639/23/3 1638/23/3
f 1644/23/3 1639/23/3 1643/23/3
f 1645/22/3 1622/22/3 1640/22/3
f 1646/24/3 1623/24/3 1622/24/3
f 1646/22/3 1622/22/3 1645/22/3
f 1647/23/3 1624/23/3 1623/23/3
f 1647/24/3 1623/24/3 1646/24/3
f 1648/23/3 1624/23/3 1647/23/3
f 1650/22/3 1637/22/3 1642/22/3
f 1651/22/3 1637/22/3 1650/22/3
f 1652/21/3 1644/21/3 1643/21/3
f 1653/23/3 1639/23/3 1644/23/3
f 1653/21/3 1644/21/3 1652/21/3
f 1654/23/3 1639/23/3 1653/23/3
f 1655/16/3 1646/16/3 1645/16/3
f 1656/24/3 1647/24/3 1646/24/3
f 1656/16/3 1646/16/3 1655/16/3
f 1657/24/3 1647/24/3 1656/24/3
f 1658/2/3 1634/2/3 1633/2/3
f 1659/2/3 1634/2/3 1658/2/3
f 1660/16/3 1652/16/3 1651/16/3
f 1660/16/3 1651/16/3 1650/16/3
f 1660/16/3 1650/16/3 1649/16/3
f 1661/16/3 1652/16/3 1660/16/3
f 1662/16/3 1655/16/3 1654/16/3
f 1662/16/3 1656/16/3 1655/16/3
f 1663/16/3 1656/16/3 1662/16/3
f 1668/21/3 1665/21/3 1664/21/3
f 1669/21/3 1665/21/3 1668/21/3
f 1671/16/3 1667/16/3 1666/16/3
f 1672/16/3 1667/16/3 1671/16/3
f 1675/4/3 1670/4/3 1669/4/3
f 1676/4/3 1670/4/3 1675/4/3
f 1679/24/3 1674/24/3 1673/24/3
f 1680/24/3 1674/24/3 1679/24/3
f 1683/21/3 1676/21/3 1675/21/3
f 1684/21/3 1676/21/3 1683/21/3
f 1685/22/3 1678/22/3 1677/22/3
f 1686/22/3 1678/22/3 1685/22/3
f 1687/24/3 1681/24/3 1680/24/3
f 1688/23/3 1682/23/3 1681/23/3
f 1688/24/3 1681/24/3 1687/24/3
f 1689/23/3 1682/23/3 1688/23/3
f 1691/4/3 1684/4/3 1683/4/3
f 1692/4/3 1684/4/3 1691/4/3
f 1693/23/3 1690/23/3 1689/23/3
f 1693/23/3 1689/23/3 1688/23/3
f 1694/23/3 1690/23/3 1693/23/3
f 1697/23/3 1693/23/3 1688/23/3
f 1697/24/3 1694/24/3 1693/24/3
f 1698/24/3 1694/24/3 1697/24/3
f 1699/4/3 1696/4/3 1695/4/3
f 1700/4/3 1696/4/3 1699/4/3
f 1704/23/3 1697/23/3 1688/23/3
f 1704/23/3 1698/23/3 1697/23/3
f 1705/23/3 1698/23/3 1704/23/3
f 1706/23/3 1698/23/3 1705/23/3
f 1707/21/3 1700/21/3 1699/21/3
f 1708/21/3 1700/21/3 1707/21/3
f 1709/22/3 1702/22/3 1701/22/3
f 1710/22/3 1702/22/3 1709/22/3
f 1712/23/3 1704/23/3 1703/23/3
f 1712/23/3 1705/23/3 1704/23/3
f 1713/23/3 1705/23/3 1712/23/3
f 1715/4/3 1708/4/3 1707/4/3
f 1716/4/3 1708/4/3 1715/4/3
f 1719/24/3 1712/24/3 1711/24/3
f 1720/24/3 1712/24/3 1719/24/3
f 1721/21/3 1715/21/3 1714/21/3
f 1722/21/3 1715/21/3 1721/21/3
f 1723/16/3 1718/16/3 1717/16/3
f 1724/16/3 1718/16/3 1723/16/3
f 1728/25/3 1726/25/3 1725/25/3
f 1729/25/3 1726/25/3 1728/25/3
f 1731/25/3 1728/25/3 1727/25/3
f 1732/25/3 1728/25/3 1731/25/3
f 1733/25/3 1730/25/3 1729/25/3
f 1734/25/3 1730/25/3 1733/25/3
f 1735/25/3 1733/25/3 1732/25/3
f 1736/25/3 1733/25/3 1735/25/3
f 1742/26/3 1738/26/3 1737/26/3
f 1743/26/3 1740/26/3 1739/26/3
f 1744/26/3 1740/26/3 1743/26/3
f 1745/25/3 1742/25/3 1741/25/3
f 1746/26/3 1738/26/3 1742/26/3
f 1746/25/3 1742/25/3 1745/25/3
f 1747/26/3 1743/26/3 1739/26/3
f 1749/26/3 1738/26/3 1746/26/3
f 1750/1/3 1739/1/3 1738/1/3
f 1750/26/3 1738/26/3 1749/26/3
f 1751/26/3 1748/26/3 1747/26/3
f 1751/1/3 1739/1/3 1750/1/3
f 1751/26/3 1747/26/3 1739/26/3
f 1752/26/3 1748/26/3 1751/26/3
f 1760/21/3 1754/21/3 1753/21/3
f 1761/21/3 1754/21/3 1760/21/3
f 1762/24/3 1756/24/3 1755/24/3
f 1762/23/3 1757/23/3 1756/23/3
f 1763/23/3 1757/23/3 1762/23/3
f 1764/23/3 1757/23/3 1763/23/3
f 1765/16/3 1759/16/3 1758/16/3
f 1766/16/3 1759/16/3 1765/16/3
f 1767/16/3 1759/16/3 1766/16/3
f 1770/24/3 1762/24/3 1755/24/3
f 1770/24/3 1763/24/3 1762/24/3
f 1771/24/3 1763/24/3 1770/24/3
f 1772/24/3 1763/24/3 1771/24/3
f 1776/23/3 1769/23/3 1768/23/3
f 1777/23/3 1769/23/3 1776/23/3
f 1780/10/3 1772/10/3 1771/10/3
f 1780/10/3 1773/10/3 1772/10/3
f 1781/10/3 1773/10/3 1780/10/3
f 1782/10/3 1773/10/3 1781/10/3
f 1783/10/3 1773/10/3 1782/10/3
f 1785/21/3 1775/21/3 1774/21/3
f 1786/21/3 1775/21/3 1785/21/3
f 1787/23/3 1779/23/3 1778/23/3
f 1788/23/3 1779/23/3 1787/23/3
f 1790/10/3 1782/10/3 1781/10/3
f 1791/10/3 1782/10/3 1790/10/3
f 1793/21/3 1785/21/3 1784/21/3
f 1794/21/3 1785/21/3 1793/21/3
f 1795/23/3 1789/23/3 1788/23/3
f 1797/25/3 1792/25/3 1791/25/3
f 1798/21/3 1793/21/3 1792/21/3
f 1798/25/3 1792/25/3 1797/25/3
f 1799/21/3 1793/21/3 1798/21/3
f 1801/23/3 1789/23/3 1795/23/3
f 1803/10/3 1797/10/3 1796/10/3
f 1804/10/3 1797/10/3 1803/10/3
f 1806/21/3 1800/21/3 1799/21/3
f 1807/21/3 1800/21/3 1806/21/3
f 1810/23/3 1789/23/3 1801/23/3
f 1811/23/3 1789/23/3 1810/23/3
f 1813/10/3 1805/10/3 1804/10/3
f 1813/10/3 1803/10/3 1802/10/3
f 1813/10/3 1804/10/3 1803/10/3
f 1814/10/3 1805/10/3 1813/10/3
f 1815/10/3 1805/10/3 1814/10/3
f 1816/21/3 1808/21/3 1807/21/3
f 1817/21/3 1808/21/3 1816/21/3
f 1820/23/3 1810/23/3 1809/23/3
f 1821/23/3 1810/23/3 1820/23/3
f 1824/24/3 1813/24/3 1812/24/3
f 1824/24/3 1814/24/3 1813/24/3
f 1825/24/3 1814/24/3 1824/24/3
f 1826/24/3 1814/24/3 1825/24/3
f 1827/24/3 1814/24/3 1826/24/3
f 1828/24/3 1814/24/3 1827/24/3
f 1833/23/3 1819/23/3 1818/23/3
f 1834/23/3 1819/23/3 1833/23/3
f 1835/21/3 1823/21/3 1822/21/3
f 1836/21/3 1823/21/3 1835/21/3
f 1837/24/3 1824/24/3 1812/24/3
f 1838/23/3 1825/23/3 1824/23/3
f 1838/24/3 1824/24/3 1837/24/3
f 1839/24/3 1826/24/3 1825/24/3
f 1839/23/3 1825/23/3 1838/23/3
f 1840/23/3 1827/23/3 1826/23/3
f 1840/24/3 1826/24/3 1839/24/3
f 1841/24/3 1828/24/3 1827/24/3
f 1841/23/3 1827/23/3 1840/23/3
f 1842/23/3 1829/23/3 1828/23/3
f 1842/24/3 1828/24/3 1841/24/3
f 1843/23/3 1829/23/3 1842/23/3
f 1844/16/3 1832/16/3 1831/16/3
f 1844/16/3 1831/16/3 1830/16/3
f 1845/16/3 1832/16/3 1844/16/3
f 1851/26/3 1847/26/3 1846/26/3
f 1852/1/3 1848/1/3 1847/1/3
f 1852/26/3 1847/26/3 1851/26/3
f 1853/26/3 1849/26/3 1848/26/3
f 1853/1/3 1848/1/3 1852/1/3
f 1854/26/3 1849/26/3 1853/26/3
f 1859/26/3 1851/26/3 1850/26/3
f 1860/26/3 1851/26/3 1859/26/3
f 1862/25/3 1855/25/3 1854/25/3
f 1863/25/3 1855/25/3 1862/25/3
f 1865/19/3 1857/19/3 1856/19/3
f 1866/23/3 1858/23/3 1857/23/3
f 1866/19/3 1857/19/3 1865/19/3
f 1867/23/3 1858/23/3 1866/23/3
f 1874/26/3 1862/26/3 1861/26/3
f 1875/11/3 1863/11/3 1862/11/3
f 1875/26/3 1862/26/3 1874/26/3
f 1876/9/3 1864/9/3 1863/9/3
f 1876/11/3 1863/11/3 1875/11/3
f 1877/9/3 1864/9/3 1876/9/3
f 1878/23/3 1866/23/3 1865/23/3
f 1878/23/3 1867/23/3 1866/23/3
f 1879/23/3 1867/23/3 1878/23/3
f 1880/19/3 1868/19/3 1867/19/3
f 1880/23/3 1867/23/3 1879/23/3
f 1881/23/3 1869/23/3 1868/23/3
f 1881/19/3 1868/19/3 1880/19/3
f 1882/19/3 1870/19/3 1869/19/3
f 1882/23/3 1869/23/3 1881/23/3
f 1883/23/3 1871/23/3 1870/23/3
f 1883/19/3 1870/19/3 1882/19/3
f 1884/23/3 1871/23/3 1883/23/3
f 1886/26/3 1873/26/3 1872/26/3
f 1887/26/3 1873/26/3 1886/26/3
f 1890/25/3 1876/25/3 1875/25/3
f 1891/25/3 1876/25/3 1890/25/3
f 1892/19/3 1879/19/3 1878/19/3
f 1893/23/3 1885/23/3 1884/23/3
f 1893/19/3 1879/19/3 1892/19/3
f 1893/23/3 1882/23/3 1881/23/3
f 1893/23/3 1884/23/3 1883/23/3
f 1893/23/3 1883/23/3 1882/23/3
f 1893/23/3 1880/23/3 1879/23/3
f 1893/23/3 1881/23/3 1880/23/3
f 1894/23/3 1885/23/3 1893/23/3
f 1895/23/3 1885/23/3 1894/23/3
f 1896/23/3 1885/23/3 1895/23/3
f 1897/26/3 1888/26/3 1887/26/3
f 1898/1/3 1889/1/3 1888/1/3
f 1898/26/3 1888/26/3 1897/26/3
f 1899/26/3 1890/26/3 1889/26/3
f 1899/1/3 1889/1/3 1898/1/3
f 1900/26/3 1890/26/3 1899/26/3
f 1901/19/3 1895/19/3 1894/19/3
f 1902/19/3 1895/19/3 1901/19/3
f 1913/24/3 1904/24/3 1903/24/3
f 1914/23/3 1905/23/3 1904/23/3
f 1914/24/3 1904/24/3 1913/24/3
f 1915/24/3 1906/24/3 1905/24/3
f 1915/23/3 1905/23/3 1914/23/3
f 1916/23/3 1907/23/3 1906/23/3
f 1916/24/3 1906/24/3 1915/24/3
f 1917/24/3 1908/24/3 1907/24/3
f 1917/23/3 1907/23/3 1916/23/3
f 1918/23/3 1909/23/3 1908/23/3
f 1918/24/3 1908/24/3 1917/24/3
f 1919/24/3 1910/24/3 1909/24/3
f 1919/23/3 1909/23/3 1918/23/3
f 1920/24/3 1910/24/3 1919/24/3
f 1923/16/3 1912/16/3 1911/16/3
f 1924/16/3 1912/16/3 1923/16/3
f 1925/16/3 1912/16/3 1924/16/3
f 1926/23/3 1922/23/3 1921/23/3
f 1927/16/3 1924/16/3 1923/16/3
f 1927/23/3 1922/23/3 1926/23/3
f 1927/16/3 1923/16/3 1922/16/3
f 1928/16/3 1924/16/3 1927/16/3
f 1929/16/3 1924/16/3 1928/16/3
f 1934/23/3 1928/23/3 1927/23/3
f 1935/23/3 1928/23/3 1934/23/3
f 1936/23/3 1930/23/3 1929/23/3
f 1937/23/3 1930/23/3 1936/23/3
f 1938/23/3 1930/23/3 1937/23/3
f 1939/6/3 1932/6/3 1931/6/3
f 1940/6/3 1932/6/3 1939/6/3
f 1943/10/3 1934/10/3 1933/10/3
f 1944/10/3 1934/10/3 1943/10/3
f 1945/23/3 1937/23/3 1936/23/3
f 1946/23/3 1937/23/3 1945/23/3
f 1947/10/3 1941/10/3 1940/10/3
f 1948/10/3 1941/10/3 1947/10/3
f 1949/10/3 1943/10/3 1942/10/3
f 1950/10/3 1943/10/3 1949/10/3
f 1952/6/3 1949/6/3 1948/6/3
f 1953/6/3 1949/6/3 1952/6/3
f 1956/10/3 1952/10/3 1951/10/3
f 1957/10/3 1952/10/3 1956/10/3
f 1958/10/3 1954/10/3 1953/10/3
f 1959/10/3 1954/10/3 1958/10/3
f 1961/22/3 1946/22/3 1945/22/3
f 1962/22/3 1946/22/3 1961/22/3
f 1963/6/3 1956/6/3 1955/6/3
f 1964/6/3 1956/6/3 1963/6/3
f 1965/10/3 1960/10/3 1959/10/3
f 1966/10/3 1960/10/3 1965/10/3
f 1968/23/3 1962/23/3 1961/23/3
f 1969/23/3 1962/23/3 1968/23/3
f 1972/23/3 1967/23/3 1966/23/3
f 1973/23/3 1967/23/3 1972/23/3
f 1974/23/3 1969/23/3 1968/23/3
f 1974/23/3 1970/23/3 1969/23/3
f 1975/23/3 1970/23/3 1974/23/3
f 1986/23/3 1973/23/3 1972/23/3
f 1986/23/3 1972/23/3 1971/23/3
f 1987/16/3 1974/16/3 1973/16/3
f 1987/23/3 1973/23/3 1986/23/3
f 1988/16/3 1974/16/3 1987/16/3
f 1992/24/3 1977/24/3 1976/24/3
f 1993/23/3 1978/23/3 1977/23/3
f 1993/24/3 1977/24/3 1992/24/3
f 1994/24/3 1979/24/3 1978/24/3
f 1994/23/3 1978/23/3 1993/23/3
f 1995/23/3 1982/23/3 1981/23/3
f 1995/24/3 1979/24/3 1994/24/3
f 1995/23/3 1980/23/3 1979/23/3
f 1995/23/3 1981/23/3 1980/23/3
f 1996/24/3 1983/24/3 1982/24/3
f 1996/23/3 1982/23/3 1995/23/3
f 1997/23/3 1985/23/3 1984/23/3
f 1997/24/3 1983/24/3 1996/24/3
f 1997/23/3 1984/23/3 1983/23/3
f 1998/23/3 1985/23/3 1997/23/3
f 1999/16/3 1990/16/3 1989/16/3
f 1999/16/3 1991/16/3 1990/16/3
f 2000/16/3 1991/16/3 1999/16/3
f 2006/23/3 2002/23/3 2001/23/3
f 2007/23/3 2002/23/3 2006/23/3
f 2009/23/3 2004/23/3 2003/23/3
f 2010/23/3 2009/23/3 2008/23/3
f 2011/23/3 2004/23/3 2009/23/3
f 2011/23/3 2009/23/3 2010/23/3
f 2012/19/3 2005/19/3 2004/19/3
f 2012/23/3 2004/23/3 2011/23/3
f 2013/23/3 2006/23/3 2005/23/3
f 2013/19/3 2005/19/3 2012/19/3
f 2014/19/3 2007/19/3 2006/19/3
f 2014/23/3 2006/23/3 2013/23/3
f 2015/19/3 2007/19/3 2014/19/3
f 2016/19/3 2007/19/3 2015/19/3
f 2017/23/3 2012/23/3 2011/23/3
f 2017/23/3 2013/23/3 2012/23/3
f 2017/23/3 2015/23/3 2014/23/3
f 2017/23/3 2014/23/3 2013/23/3
f 2018/23/3 2015/23/3 2017/23/3
f 2019/23/3 2015/23/3 2018/23/3
f 2020/23/3 2010/23/3 2008/23/3
f 2021/19/3 2011/19/3 2010/19/3
f 2021/23/3 2010/23/3 2020/23/3
f 2022/23/3 2017/23/3 2011/23/3
f 2022/19/3 2011/19/3 2021/19/3
f 2023/19/3 2018/19/3 2017/19/3
f 2023/23/3 2017/23/3 2022/23/3
f 2024/19/3 2018/19/3 2023/19/3
f 2029/19/3 2026/19/3 2025/19/3
f 2030/23/3 2027/23/3 2026/23/3
f 2030/19/3 2026/19/3 2029/19/3
f 2031/23/3 2027/23/3 2030/23/3
f 2034/22/3 2029/22/3 2028/22/3
f 2035/22/3 2029/22/3 2034/22/3
f 2036/22/3 2029/22/3 2035/22/3
f 2037/22/3 2029/22/3 2036/22/3
f 2038/22/3 2029/22/3 2037/22/3
f 2039/19/3 2032/19/3 2031/19/3
f 2040/23/3 2033/23/3 2032/23/3
f 2040/19/3 2032/19/3 2039/19/3
f 2041/23/3 2033/23/3 2040/23/3
f 2042/9/3 2036/9/3 2035/9/3
f 2043/9/3 2036/9/3 2042/9/3
f 2044/22/3 2038/22/3 2037/22/3
f 2045/22/3 2038/22/3 2044/22/3
f 2046/22/3 2043/22/3 2042/22/3
f 2046/22/3 2044/22/3 2043/22/3
f 2046/22/3 2045/22/3 2044/22/3
f 2047/22/3 2045/22/3 2046/22/3
f 2059/19/3 2048/19/3 2047/19/3
f 2060/23/3 2049/23/3 2048/23/3
f 2060/19/3 2048/19/3 2059/19/3
f 2061/23/3 2049/23/3 2060/23/3
f 2062/23/3 2051/23/3 2050/23/3
f 2063/23/3 2051/23/3 2062/23/3
f 2065/19/3 2053/19/3 2052/19/3
f 2066/19/3 2053/19/3 2065/19/3
f 2069/24/3 2055/24/3 2054/24/3
f 2070/23/3 2056/23/3 2055/23/3
f 2070/24/3 2055/24/3 2069/24/3
f 2071/24/3 2057/24/3 2056/24/3
f 2071/23/3 2056/23/3 2070/23/3
f 2072/23/3 2058/23/3 2057/23/3
f 2072/24/3 2057/24/3 2071/24/3
f 2073/23/3 2058/23/3 2072/23/3
f 2076/23/3 2064/23/3 2063/23/3
f 2077/23/3 2064/23/3 2076/23/3
f 2078/23/3 2067/23/3 2066/23/3
f 2078/23/3 2066/23/3 2065/23/3
f 2079/16/3 2068/16/3 2067/16/3
f 2079/23/3 2067/23/3 2078/23/3
f 2080/16/3 2068/16/3 2079/16/3
f 2089/23/3 2075/23/3 2074/23/3
f 2090/23/3 2075/23/3 2089/23/3
f 2091/23/3 2075/23/3 2090/23/3
f 2092/16/3 2081/16/3 2080/16/3
f 2092/16/3 2080/16/3 2079/16/3
f 2093/16/3 2081/16/3 2092/16/3
f 2094/12/3 2083/12/3 2082/12/3
f 2094/12/3 2084/12/3 2083/12/3
f 2094/12/3 2085/12/3 2084/12/3
f 2095/12/3 2085/12/3 2094/12/3
f 2096/12/3 2085/12/3 2095/12/3
f 2097/12/3 2085/12/3 2096/12/3
f 2098/12/3 2088/12/3 2087/12/3
f 2098/12/3 2087/12/3 2086/12/3
f 2099/12/3 2088/12/3 2098/12/3
f 2100/12/3 2088/12/3 2099/12/3
f 2101/12/3 2088/12/3 2100/12/3
f 2102/12/3 2088/12/3 2101/12/3
f 2105/10/3 2095/10/3 2094/10/3
f 2106/3/3 2096/3/3 2095/3/3
f 2106/10/3 2095/10/3 2105/10/3
f 2107/10/3 2097/10/3 2096/10/3
f 2107/3/3 2096/3/3 2106/3/3
f 2108/12/3 2098/12/3 2097/12/3
f 2108/10/3 2097/10/3 2107/10/3
f 2109/10/3 2099/10/3 2098/10/3
f 2109/12/3 2098/12/3 2108/12/3
f 2110/10/3 2099/10/3 2109/10/3
f 2111/6/3 2100/6/3 2099/6/3
f 2111/10/3 2101/10/3 2100/10/3
f 2112/10/3 2101/10/3 2111/10/3
f 2115/23/3 2104/23/3 2103/23/3
f 2116/23/3 2104/23/3 2115/23/3
f 2117/10/3 2105/10/3 2094/10/3
f 2118/3/3 2106/3/3 2105/3/3
f 2118/10/3 2105/10/3 2117/10/3
f 2119/10/3 2107/10/3 2106/10/3
f 2119/3/3 2106/3/3 2118/3/3
f 2119/10/3 2108/10/3 2107/10/3
f 2119/10/3 2109/10/3 2108/10/3
f 2120/10/3 2109/10/3 2119/10/3
f 2121/3/3 2110/3/3 2109/3/3
f 2121/10/3 2109/10/3 2120/10/3
f 2122/10/3 2099/10/3 2110/10/3
f 2122/3/3 2110/3/3 2121/3/3
f 2123/6/3 2111/6/3 2099/6/3
f 2123/10/3 2099/10/3 2122/10/3
f 2124/6/3 2111/6/3 2123/6/3
f 2127/6/3 2114/6/3 2113/6/3
f 2128/6/3 2114/6/3 2127/6/3
f 2130/14/3 2116/14/3 2115/14/3
f 2131/14/3 2116/14/3 2130/14/3
f 2132/12/3 2118/12/3 2117/12/3
f 2132/12/3 2120/12/3 2119/12/3
f 2132/12/3 2119/12/3 2118/12/3
f 2133/10/3 2121/10/3 2120/10/3
f 2133/12/3 2120/12/3 2132/12/3
f 2133/10/3 2122/10/3 2121/10/3
f 2133/10/3 2123/10/3 2122/10/3
f 2133/10/3 2124/10/3 2123/10/3
f 2134/10/3 2124/10/3 2133/10/3
f 2135/6/3 2125/6/3 2124/6/3
f 2138/6/3 2127/6/3 2126/6/3
f 2138/6/3 2128/6/3 2127/6/3
f 2140/12/3 2134/12/3 2133/12/3
f 2141/10/3 2124/10/3 2134/10/3
f 2141/12/3 2134/12/3 2140/12/3
f 2142/10/3 2124/10/3 2141/10/3
f 2143/6/3 2136/6/3 2135/6/3
f 2143/6/3 2135/6/3 2124/6/3
f 2144/6/3 2136/6/3 2143/6/3
f 2145/10/3 2138/10/3 2137/10/3
f 2146/6/3 2128/6/3 2138/6/3
f 2146/10/3 2138/10/3 2145/10/3
f 2147/12/3 2140/12/3 2139/12/3
f 2148/12/3 2140/12/3 2147/12/3
f 2149/12/3 2140/12/3 2148/12/3
f 2150/10/3 2141/10/3 2140/10/3
f 2150/12/3 2140/12/3 2149/12/3
f 2151/3/3 2142/3/3 2141/3/3
f 2151/10/3 2141/10/3 2150/10/3
f 2152/10/3 2124/10/3 2142/10/3
f 2152/3/3 2142/3/3 2151/3/3
f 2153/10/3 2124/10/3 2152/10/3
f 2154/6/3 2143/6/3 2124/6/3
f 2154/10/3 2124/10/3 2153/10/3
f 2155/6/3 2143/6/3 2154/6/3
f 2156/6/3 2128/6/3 2146/6/3
f 2157/6/3 2128/6/3 2156/6/3
f 2158/22/3 2129/22/3 2128/22/3
f 2158/6/3 2128/6/3 2157/6/3
f 2159/22/3 2129/22/3 2158/22/3
f 2162/3/3 2149/3/3 2148/3/3
f 2162/10/3 2148/10/3 2147/10/3
f 2163/10/3 2151/10/3 2150/10/3
f 2163/3/3 2149/3/3 2162/3/3
f 2163/10/3 2150/10/3 2149/10/3
f 2163/10/3 2152/10/3 2151/10/3
f 2163/10/3 2153/10/3 2152/10/3
f 2164/10/3 2153/10/3 2163/10/3
f 2165/10/3 2153/10/3 2164/10/3
f 2166/10/3 2153/10/3 2165/10/3
f 2167/6/3 2154/6/3 2153/6/3
f 2169/6/3 2158/6/3 2157/6/3
f 2170/6/3 2158/6/3 2169/6/3
f 2171/14/3 2161/14/3 2160/14/3
f 2172/14/3 2161/14/3 2171/14/3
f 2173/10/3 2162/10/3 2147/10/3
f 2173/10/3 2163/10/3 2162/10/3
f 2173/10/3 2164/10/3 2163/10/3
f 2174/3/3 2165/3/3 2164/3/3
f 2174/10/3 2164/10/3 2173/10/3
f 2175/12/3 2166/12/3 2165/12/3
f 2175/3/3 2165/3/3 2174/3/3
f 2176/10/3 2153/10/3 2166/10/3
f 2176/12/3 2166/12/3 2175/12/3
f 2177/6/3 2167/6/3 2153/6/3
f 2177/10/3 2153/10/3 2176/10/3
f 2178/10/3 2168/10/3 2167/10/3
f 2178/6/3 2167/6/3 2177/6/3
f 2179/10/3 2168/10/3 2178/10/3
f 2181/23/3 2172/23/3 2171/23/3
f 2182/23/3 2172/23/3 2181/23/3
f 2183/12/3 2175/12/3 2174/12/3
f 2183/12/3 2174/12/3 2173/12/3
f 2184/12/3 2175/12/3 2183/12/3
f 2185/12/3 2175/12/3 2184/12/3
f 2186/12/3 2175/12/3 2185/12/3
f 2187/12/3 2175/12/3 2186/12/3
f 2188/12/3 2177/12/3 2176/12/3
f 2188/12/3 2180/12/3 2179/12/3
f 2188/12/3 2179/12/3 2178/12/3
f 2188/12/3 2178/12/3 2177/12/3
f 2189/12/3 2180/12/3 2188/12/3
f 2190/12/3 2180/12/3 2189/12/3
f 2191/12/3 2180/12/3 2190/12/3
f 2200/23/3 2194/23/3 2193/23/3
f 2200/23/3 2193/23/3 2192/23/3
f 2201/23/3 2194/23/3 2200/23/3
f 2202/23/3 2194/23/3 2201/23/3
f 2203/23/3 2194/23/3 2202/23/3
f 2205/24/3 2196/24/3 2195/24/3
f 2206/23/3 2197/23/3 2196/23/3
f 2206/24/3 2196/24/3 2205/24/3
f 2206/23/3 2199/23/3 2198/23/3
f 2206/23/3 2198/23/3 2197/23/3
f 2207/23/3 2199/23/3 2206/23/3
f 2209/23/3 2202/23/3 2201/23/3
f 2210/23/3 2202/23/3 2209/23/3
f 2211/23/3 2204/23/3 2203/23/3
f 2212/23/3 2204/23/3 2211/23/3
f 2215/23/3 2209/23/3 2208/23/3
f 2216/23/3 2209/23/3 2215/23/3
f 2217/23/3 2211/23/3 2210/23/3
f 2218/23/3 2211/23/3 2217/23/3
f 2220/23/3 2214/23/3 2213/23/3
f 2221/23/3 2214/23/3 2220/23/3
f 2222/19/3 2218/19/3 2217/19/3
f 2223/19/3 2218/19/3 2222/19/3
f 2225/22/3 2220/22/3 2219/22/3
f 2226/22/3 2220/22/3 2225/22/3
f 2227/22/3 2220/22/3 2226/22/3
f 2228/22/3 2225/22/3 2224/22/3
f 2230/22/3 2220/22/3 2227/22/3
f 2231/22/3 2229/22/3 2228/22/3
f 2231/22/3 2230/22/3 2229/22/3
f 2231/22/3 2228/22/3 2224/22/3
f 2232/22/3 2220/22/3 2230/22/3
f 2232/22/3 2230/22/3 2231/22/3
f 2235/23/3 2234/23/3 2233/23/3
f 2235/23/3 2233/23/3 2232/23/3
f 2236/23/3 2234/23/3 2235/23/3
f 2242/25/3 2238/25/3 2237/25/3
f 2243/25/3 2238/25/3 2242/25/3
f 2244/19/3 2240/19/3 2239/19/3
f 2245/23/3 2241/23/3 2240/23/3
f 2245/19/3 2240/19/3 2244/19/3
f 2246/23/3 2241/23/3 2245/23/3
f 2250/23/3 2248/23/3 2247/23/3
f 2251/19/3 2249/19/3 2248/19/3
f 2251/23/3 2248/23/3 2250/23/3
f 2252/19/3 2249/19/3 2251/19/3
f 2260/19/3 2254/19/3 2253/19/3
f 2261/23/3 2255/23/3 2254/23/3
f 2261/19/3 2254/19/3 2260/19/3
f 2262/23/3 2255/23/3 2261/23/3
f 2267/23/3 2257/23/3 2256/23/3
f 2268/23/3 2257/23/3 2267/23/3
f 2269/23/3 2259/23/3 2258/23/3
f 2270/23/3 2259/23/3 2269/23/3
f 2271/23/3 2264/23/3 2263/23/3
f 2272/23/3 2264/23/3 2271/23/3
f 2273/23/3 2266/23/3 2265/23/3
f 2274/23/3 2266/23/3 2273/23/3
f 2276/23/3 2273/23/3 2272/23/3
f 2277/23/3 2273/23/3 2276/23/3
f 2278/23/3 2275/23/3 2274/23/3
f 2279/23/3 2275/23/3 2278/23/3
f 2286/23/3 2281/23/3 2280/23/3
f 2287/23/3 2283/23/3 2282/23/3
f 2288/23/3 2283/23/3 2287/23/3
f 2291/23/3 2285/23/3 2284/23/3
f 2292/23/3 2285/23/3 2291/23/3
f 2293/23/3 2281/23/3 2286/23/3
f 2294/23/3 2281/23/3 2293/23/3
f 2295/23/3 2290/23/3 2289/23/3
f 2296/23/3 2290/23/3 2295/23/3
f 2297/23/3 2293/23/3 2292/23/3
f 2298/23/3 2293/23/3 2297/23/3
f 2303/19/3 2300/19/3 2299/19/3
f 2304/19/3 2300/19/3 2303/19/3
f 2305/23/3 2302/23/3 2301/23/3
f 2306/23/3 2302/23/3 2305/23/3
f 2311/23/3 2308/23/3 2307/23/3
f 2312/23/3 2308/23/3 2311/23/3
f 2313/22/3 2310/22/3 2309/22/3
f 2314/22/3 2310/22/3 2313/22/3
f 2315/22/3 2310/22/3 2314/22/3
f 2316/22/3 2313/22/3 2309/22/3
f 2317/22/3 2313/22/3 2316/22/3
f 2324/23/3 2319/23/3 2318/23/3
f 2325/23/3 2319/23/3 2324/23/3
f 2326/23/3 2321/23/3 2320/23/3
f 2327/23/3 2321/23/3 2326/23/3
f 2328/23/3 2321/23/3 2327/23/3
f 2329/23/3 2323/23/3 2322/23/3
f 2330/23/3 2323/23/3 2329/23/3
f 2333/19/3 2332/19/3 2331/19/3
f 2334/19/3 2332/19/3 2333/19/3
f 2339/23/3 2336/23/3 2335/23/3
f 2340/23/3 2336/23/3 2339/23/3
f 2342/23/3 2338/23/3 2337/23/3
f 2343/23/3 2338/23/3 2342/23/3
f 2344/23/3 2342/23/3 2341/23/3
f 2345/23/3 2342/23/3 2344/23/3
f 2348/22/3 2347/22/3 2346/22/3
f 2353/22/3 2350/22/3 2349/22/3
f 2353/22/3 2348/22/3 2346/22/3
f 2353/22/3 2349/22/3 2348/22/3
f 2354/22/3 2350/22/3 2353/22/3
f 2355/23/3 2352/23/3 2351/23/3
f 2356/23/3 2352/23/3 2355/23/3
f 2359/25/3 2358/25/3 2357/25/3
f 2360/25/3 2358/25/3 2359/25/3
f 2365/11/3 2360/11/3 2359/11/3
f 2366/11/3 2360/11/3 2365/11/3
f 2368/22/3 2362/22/3 2361/22/3
f 2369/22/3 2362/22/3 2368/22/3
f 2370/22/3 2362/22/3 2369/22/3
f 2371/1/3 2364/1/3 2363/1/3
f 2372/1/3 2364/1/3 2371/1/3
f 2373/25/3 2366/25/3 2365/25/3
f 2374/25/3 2366/25/3 2373/25/3
f 2375/22/3 2368/22/3 2367/22/3
f 2375/22/3 2369/22/3 2368/22/3
f 2376/22/3 2369/22/3 2375/22/3
f 2381/23/3 2378/23/3 2377/23/3
f 2382/23/3 2378/23/3 2381/23/3
f 2383/23/3 2380/23/3 2379/23/3
f 2384/23/3 2380/23/3 2383/23/3
f 2387/23/3 2386/23/3 2385/23/3
f 2388/23/3 2386/23/3 2387/23/3
f 2391/22/3 2390/22/3 2389/22/3
f 2392/22/3 2390/22/3 2391/22/3
f 2393/22/3 2390/22/3 2392/22/3
f 2394/22/3 2390/22/3 2393/22/3
f 2398/1/3 2396/1/3 2395/1/3
f 2399/26/3 2397/26/3 2396/26/3
f 2399/1/3 2396/1/3 2398/1/3
f 2400/26/3 2397/26/3 2399/26/3
f 2401/26/3 2397/26/3 2400/26/3
f 2405/23/3 2404/23/3 2403/23/3
f 2408/23/3 2405/23/3 2403/23/3
f 2408/17/3 2406/17/3 2405/17/3
f 2409/19/3 2407/19/3 2406/19/3
f 2409/17/3 2406/17/3 2408/17/3
f 2410/19/3 2407/19/3 2409/19/3
f 2411/24/3 2403/24/3 2402/24/3
f 2411/23/3 2408/23/3 2403/23/3
f 2411/23/3 2410/23/3 2409/23/3
f 2411/23/3 2409/23/3 2408/23/3
f 2412/23/3 2410/23/3 2411/23/3
f 2413/23/3 2410/23/3 2412/23/3
f 2414/23/3 2410/23/3 2413/23/3
f 2415/23/3 2410/23/3 2414/23/3
f 2416/24/3 2411/24/3 2402/24/3
f 2416/24/3 2412/24/3 2411/24/3
f 2417/23/3 2413/23/3 2412/23/3
f 2417/24/3 2412/24/3 2416/24/3
f 2418/17/3 2414/17/3 2413/17/3
f 2418/23/3 2413/23/3 2417/23/3
f 2419/19/3 2415/19/3 2414/19/3
f 2419/17/3 2414/17/3 2418/17/3
f 2420/23/3 2418/23/3 2417/23/3
f 2420/19/3 2415/19/3 2419/19/3
f 2420/23/3 2419/23/3 2418/23/3
f 2420/23/3 2417/23/3 2416/23/3
f 2421/19/3 2415/19/3 2420/19/3
f 2422/23/3 2420/23/3 2416/23/3
f 2422/23/3 2421/23/3 2420/23/3
f 2423/23/3 2421/23/3 2422/23/3
f 2424/23/3 2421/23/3 2423/23/3
f 2425/19/3 2423/19/3 2422/19/3
f 2425/17/3 2424/17/3 2423/17/3
f 2426/17/3 2424/17/3 2425/17/3
f 2427/23/3 2422/23/3 2416/23/3
f 2428/23/3 2422/23/3 2427/23/3
f 2429/19/3 2425/19/3 2422/19/3
f 2429/23/3 2422/23/3 2428/23/3
f 2430/23/3 2426/23/3 2425/23/3
f 2430/19/3 2425/19/3 2429/19/3
f 2431/24/3 2428/24/3 2427/24/3
f 2431/23/3 2427/23/3 2416/23/3
f 2432/23/3 2429/23/3 2428/23/3
f 2432/24/3 2428/24/3 2431/24/3
f 2432/23/3 2430/23/3 2429/23/3
f 2433/23/3 2426/23/3 2430/23/3
f 2433/23/3 2430/23/3 2432/23/3
f 2434/24/3 2416/24/3 2402/24/3
f 2435/23/3 2432/23/3 2431/23/3
f 2435/24/3 2416/24/3 2434/24/3
f 2435/23/3 2431/23/3 2416/23/3
f 2436/23/3 2432/23/3 2435/23/3
f 2439/21/3 2438/21/3 2437/21/3
f 2440/21/3 2438/21/3 2439/21/3
f 2441/16/4 2442/16/4 2443/16/4
f 2443/16/4 2442/16/4 2444/16/4
f 2444/16/4 2442/16/4 2445/16/4
f 2445/16/4 2442/16/4 2446/16/4
f 2444/16/4 2445/16/4 2448/16/4
f 2448/16/4 2445/16/4 2449/16/4
f 2446/16/4 2447/16/4 2450/16/4
f 2450/16/4 2447/16/4 2451/16/4
f 2451/16/4 2447/16/4 2452/16/4
f 2453/16/4 2454/16/4 2459/16/4
f 2459/16/4 2454/16/4 2460/16/4
f 2456/16/4 2457/16/4 2461/16/4
f 2455/16/4 2456/16/4 2461/16/4
f 2461/16/4 2457/16/4 2462/16/4
f 2459/16/4 2460/16/4 2463/16/4
f 2458/16/4 2459/16/4 2463/16/4
f 2460/16/4 2461/16/4 2463/16/4
f 2463/16/4 2461/16/4 2464/16/4
f 2465/25/4 2466/25/4 2468/25/4
f 2468/25/4 2466/25/4 2469/25/4
f 2467/25/4 2468/25/4 2471/25/4
f 2471/25/4 2468/25/4 2472/25/4
f 2469/25/4 2470/25/4 2473/25/4
f 2473/25/4 2470/25/4 2474/25/4
f 2472/25/4 2473/25/4 2475/25/4
f 2475/25/4 2473/25/4 2476/25/4
f 2477/1/4 2478/1/4 2479/1/4
f 2477/1/4 2479/1/4 2481/1/4
f 2479/26/4 2480/26/4 2482/26/4
f 2481/1/4 2479/1/4 2482/1/4
f 2482/26/4 2480/26/4 2483/26/4
f 2484/24/4 2485/24/4 2491/24/4
f 2489/23/4 2490/23/4 2491/23/4
f 2488/23/4 2489/23/4 2491/23/4
f 2487/23/4 2488/23/4 2491/23/4
f 2486/23/4 2487/23/4 2491/23/4
f 2485/23/4 2486/23/4 2491/23/4
f 2491/23/4 2490/23/4 2492/23/4
f 2492/23/4 2490/23/4 2493/23/4
f 2484/24/4 2491/24/4 2494/24/4
f 2491/24/4 2492/24/4 2494/24/4
f 2494/24/4 2492/24/4 2495/24/4
f 2495/24/4 2492/24/4 2496/24/4
f 2497/22/4 2498/22/4 2501/22/4
f 2501/22/4 2498/22/4 2502/22/4
f 2499/21/4 2500/21/4 2505/21/4
f 2505/21/4 2500/21/4 2506/21/4
f 2503/25/4 2504/25/4 2507/25/4
f 2504/21/4 2505/21/4 2508/21/4
f 2507/25/4 2504/25/4 2508/25/4
f 2508/21/4 2505/21/4 2509/21/4
f 2509/21/4 2510/21/4 2511/21/4
f 2511/21/4 2510/21/4 2512/21/4
f 2513/22/4 2514/22/4 2518/22/4
f 2518/22/4 2514/22/4 2519/22/4
f 2516/24/4 2517/24/4 2522/24/4
f 2515/24/4 2516/24/4 2522/24/4
f 2522/24/4 2517/24/4 2523/24/4
f 2523/24/4 2517/24/4 2524/24/4
f 2524/24/4 2517/24/4 2525/24/4
f 2520/23/4 2521/23/4 2529/23/4
f 2529/23/4 2521/23/4 2530/23/4
f 2515/24/4 2522/24/4 2531/24/4
f 2522/23/4 2523/23/4 2532/23/4
f 2531/24/4 2522/24/4 2532/24/4
f 2532/23/4 2523/23/4 2533/23/4
f 2533/23/4 2523/23/4 2534/23/4
f 2523/24/4 2524/24/4 2535/24/4
f 2534/23/4 2523/23/4 2535/23/4
f 2524/23/4 2525/23/4 2536/23/4
f 2535/24/4 2524/24/4 2536/24/4
f 2525/23/4 2526/23/4 2536/23/4
f 2536/23/4 2526/23/4 2537/23/4
f 2537/23/4 2526/23/4 2538/23/4
f 2538/23/4 2526/23/4 2539/23/4
f 2527/16/4 2528/16/4 2540/16/4
f 2540/16/4 2528/16/4 2541/16/4
f 2542/26/4 2543/26/4 2546/26/4
f 2546/26/4 2543/26/4 2547/26/4
f 2544/25/4 2545/25/4 2548/25/4
f 2548/25/4 2545/25/4 2549/25/4
f 2548/11/4 2549/11/4 2550/11/4
f 2550/11/4 2549/11/4 2551/11/4
f 2550/25/4 2551/25/4 2552/25/4
f 2552/25/4 2551/25/4 2553/25/4
f 2554/16/4 2555/16/4 2559/16/4
f 2555/16/4 2556/16/4 2559/16/4
f 2559/16/4 2556/16/4 2560/16/4
f 2560/16/4 2556/16/4 2561/16/4
f 2557/16/4 2558/16/4 2562/16/4
f 2562/16/4 2558/16/4 2563/16/4
f 2564/16/4 2565/16/4 2566/16/4
f 2566/16/4 2565/16/4 2567/16/4
f 2568/23/4 2569/23/4 2570/23/4
f 2570/23/4 2569/23/4 2571/23/4
f 2572/16/4 2573/16/4 2575/16/4
f 2575/16/4 2573/16/4 2576/16/4
f 2574/16/4 2575/16/4 2578/16/4
f 2578/16/4 2575/16/4 2579/16/4
f 2577/16/4 2578/16/4 2580/16/4
f 2580/16/4 2578/16/4 2581/16/4
f 2582/22/4 2583/22/4 2584/22/4
f 2584/22/4 2583/22/4 2585/22/4
f 2585/22/4 2583/22/4 2586/22/4
f 2582/22/4 2584/22/4 2588/22/4
f 2588/22/4 2584/22/4 2589/22/4
f 2586/22/4 2587/22/4 2591/22/4
f 2591/22/4 2587/22/4 2592/22/4
f 2589/22/4 2590/22/4 2593/22/4
f 2590/22/4 2591/22/4 2593/22/4
f 2593/22/4 2591/22/4 2594/22/4
f 2595/19/4 2596/19/4 2599/19/4
f 2599/19/4 2596/19/4 2600/19/4
f 2597/23/4 2598/23/4 2601/23/4
f 2601/23/4 2598/23/4 2602/23/4
f 2602/23/4 2598/23/4 2603/23/4
f 2604/24/4 2605/24/4 2609/24/4
f 2605/23/4 2606/23/4 2610/23/4
f 2609/24/4 2605/24/4 2610/24/4
f 2610/23/4 2606/23/4 2611/23/4
f 2607/16/4 2608/16/4 2612/16/4
f 2612/16/4 2608/16/4 2613/16/4
f 2613/16/4 2614/16/4 2615/16/4
f 2615/16/4 2614/16/4 2616/16/4
f 2616/16/4 2617/16/4 2619/16/4
f 2617/24/4 2618/24/4 2620/24/4
f 2619/16/4 2617/16/4 2620/16/4
f 2620/24/4 2618/24/4 2621/24/4
f 2622/23/4 2623/23/4 2624/23/4
f 2624/23/4 2623/23/4 2625/23/4
f 2625/23/4 2626/23/4 2627/23/4
f 2627/23/4 2626/23/4 2628/23/4
f 2627/24/4 2628/24/4 2629/24/4
f 2629/24/4 2628/24/4 2630/24/4
f 2629/23/4 2630/23/4 2632/23/4
f 2632/23/4 2630/23/4 2633/23/4
f 2631/23/4 2632/23/4 2638/23/4
f 2638/23/4 2632/23/4 2639/23/4
f 2634/16/4 2635/16/4 2640/16/4
f 2640/16/4 2635/16/4 2641/16/4
f 2636/24/4 2637/24/4 2642/24/4
f 2642/24/4 2637/24/4 2643/24/4
f 2644/22/4 2645/22/4 2647/22/4
f 2647/22/4 2645/22/4 2648/22/4
f 2648/22/4 2645/22/4 2649/22/4
f 2646/22/4 2647/22/4 2650/22/4
f 2646/22/4 2650/22/4 2653/22/4
f 2651/22/4 2652/22/4 2653/22/4
f 2650/22/4 2651/22/4 2653/22/4
f 2653/22/4 2652/22/4 2654/22/4
f 2655/25/4 2656/25/4 2657/25/4
f 2657/25/4 2656/25/4 2658/25/4
f 2659/23/4 2660/23/4 2661/23/4
f 2661/23/4 2660/23/4 2662/23/4
f 2663/23/4 2664/23/4 2665/23/4
f 2665/23/4 2664/23/4 2666/23/4
f 2666/16/4 2667/16/4 2668/16/4
f 2668/16/4 2667/16/4 2669/16/4
f 2669/16/4 2670/16/4 2671/16/4
f 2671/16/4 2670/16/4 2672/16/4
f 2672/16/4 2673/16/4 2676/16/4
f 2673/24/4 2674/24/4 2677/24/4
f 2676/16/4 2673/16/4 2677/16/4
f 2674/23/4 2675/23/4 2678/23/4
f 2677/24/4 2674/24/4 2678/24/4
f 2678/23/4 2675/23/4 2679/23/4
f 2679/23/4 2680/23/4 2681/23/4
f 2678/23/4 2679/23/4 2681/23/4
f 2681/23/4 2680/23/4 2682/23/4
f 2682/23/4 2680/23/4 2684/23/4
f 2683/23/4 2684/23/4 2687/23/4
f 2684/23/4 2680/23/4 2688/23/4
f 2687/23/4 2684/23/4 2688/23/4
f 2688/23/4 2680/23/4 2689/23/4
f 2689/23/4 2680/23/4 2690/23/4
f 2685/16/4 2686/16/4 2691/16/4
f 2686/24/4 2687/24/4 2692/24/4
f 2691/16/4 2686/16/4 2692/16/4
f 2687/23/4 2688/23/4 2693/23/4
f 2692/24/4 2687/24/4 2693/24/4
f 2688/24/4 2689/24/4 2694/24/4
f 2693/23/4 2688/23/4 2694/23/4
f 2694/24/4 2689/24/4 2695/24/4
f 2696/24/4 2697/24/4 2699/24/4
f 2697/23/4 2698/23/4 2700/23/4
f 2699/24/4 2697/24/4 2700/24/4
f 2700/23/4 2698/23/4 2701/23/4
f 2702/23/4 2703/23/4 2704/23/4
f 2704/23/4 2703/23/4 2705/23/4
f 2706/23/4 2707/23/4 2710/23/4
f 2710/23/4 2707/23/4 2711/23/4
f 2708/23/4 2709/23/4 2712/23/4
f 2712/23/4 2709/23/4 2713/23/4
f 2714/23/4 2715/23/4 2717/23/4
f 2717/23/4 2715/23/4 2718/23/4
f 2718/23/4 2715/23/4 2719/23/4
f 2719/23/4 2715/23/4 2720/23/4
f 2720/23/4 2715/23/4 2721/23/4
f 2721/23/4 2715/23/4 2722/23/4
f 2716/22/4 2717/22/4 2723/22/4
f 2723/22/4 2717/22/4 2724/22/4
f 2724/22/4 2717/22/4 2725/22/4
f 2725/22/4 2717/22/4 2726/22/4
f 2719/23/4 2720/23/4 2727/23/4
f 2727/23/4 2720/23/4 2728/23/4
f 2728/23/4 2720/23/4 2729/23/4
f 2724/9/4 2725/9/4 2730/9/4
f 2730/9/4 2725/9/4 2731/9/4
f 2732/23/4 2733/23/4 2736/23/4
f 2736/23/4 2733/23/4 2737/23/4
f 2734/23/4 2735/23/4 2738/23/4
f 2738/23/4 2735/23/4 2739/23/4
f 2740/23/4 2741/23/4 2744/23/4
f 2744/23/4 2741/23/4 2745/23/4
f 2742/23/4 2743/23/4 2746/23/4
f 2746/23/4 2743/23/4 2747/23/4
f 2748/16/4 2749/16/4 2750/16/4
f 2748/16/4 2750/16/4 2753/16/4
f 2750/16/4 2751/16/4 2753/16/4
f 2753/16/4 2751/16/4 2754/16/4
f 2751/24/4 2752/24/4 2755/24/4
f 2754/16/4 2751/16/4 2755/16/4
f 2755/24/4 2752/24/4 2756/24/4
f 2756/23/4 2757/23/4 2761/23/4
f 2761/23/4 2757/23/4 2762/23/4
f 2759/16/4 2760/16/4 2763/16/4
f 2758/16/4 2759/16/4 2763/16/4
f 2760/24/4 2761/24/4 2764/24/4
f 2763/16/4 2760/16/4 2764/16/4
f 2764/24/4 2761/24/4 2765/24/4
f 2758/16/4 2763/16/4 2766/16/4
f 2766/16/4 2763/16/4 2767/16/4
f 2768/23/4 2769/23/4 2773/23/4
f 2773/23/4 2769/23/4 2774/23/4
f 2771/23/4 2772/23/4 2775/23/4
f 2770/23/4 2771/23/4 2775/23/4
f 2775/23/4 2772/23/4 2776/23/4
f 2777/22/4 2778/22/4 2779/22/4
f 2777/22/4 2779/22/4 2789/22/4
f 2779/22/4 2780/22/4 2789/22/4
f 2780/22/4 2781/22/4 2789/22/4
f 2781/23/4 2782/23/4 2790/23/4
f 2789/22/4 2781/22/4 2790/22/4
f 2790/23/4 2782/23/4 2791/23/4
f 2787/23/4 2788/23/4 2792/23/4
f 2786/23/4 2787/23/4 2792/23/4
f 2785/23/4 2786/23/4 2792/23/4
f 2784/23/4 2785/23/4 2792/23/4
f 2783/23/4 2784/23/4 2792/23/4
f 2792/23/4 2788/23/4 2793/23/4
f 2791/23/4 2792/23/4 2794/23/4
f 2794/23/4 2792/23/4 2795/23/4
f 2796/26/4 2797/26/4 2801/26/4
f 2797/1/4 2798/1/4 2802/1/4
f 2801/26/4 2797/26/4 2802/26/4
f 2798/26/4 2799/26/4 2803/26/4
f 2802/1/4 2798/1/4 2803/1/4
f 2803/26/4 2799/26/4 2804/26/4
f 2800/26/4 2801/26/4 2814/26/4
f 2814/26/4 2801/26/4 2815/26/4
f 2804/25/4 2805/25/4 2817/25/4
f 2817/25/4 2805/25/4 2818/25/4
f 2806/19/4 2807/19/4 2821/19/4
f 2807/23/4 2808/23/4 2822/23/4
f 2821/19/4 2807/19/4 2822/19/4
f 2822/23/4 2808/23/4 2823/23/4
f 2809/23/4 2810/23/4 2825/23/4
f 2810/19/4 2811/19/4 2826/19/4
f 2825/23/4 2810/23/4 2826/23/4
f 2811/23/4 2812/23/4 2827/23/4
f 2826/19/4 2811/19/4 2827/19/4
f 2812/19/4 2813/19/4 2828/19/4
f 2827/23/4 2812/23/4 2828/23/4
f 2828/19/4 2813/19/4 2829/19/4
f 2816/26/4 2817/26/4 2833/26/4
f 2817/11/4 2818/11/4 2834/11/4
f 2833/26/4 2817/26/4 2834/26/4
f 2818/9/4 2819/9/4 2835/9/4
f 2834/11/4 2818/11/4 2835/11/4
f 2835/9/4 2819/9/4 2836/9/4
f 2820/22/4 2821/22/4 2837/22/4
f 2825/23/4 2826/23/4 2838/23/4
f 2824/23/4 2825/23/4 2838/23/4
f 2838/23/4 2826/23/4 2839/23/4
f 2839/23/4 2826/23/4 2840/23/4
f 2829/23/4 2830/23/4 2841/23/4
f 2828/23/4 2829/23/4 2841/23/4
f 2827/23/4 2828/23/4 2841/23/4
f 2841/23/4 2830/23/4 2842/23/4
f 2842/23/4 2830/23/4 2843/23/4
f 2831/26/4 2832/26/4 2845/26/4
f 2845/26/4 2832/26/4 2846/26/4
f 2834/25/4 2835/25/4 2849/25/4
f 2849/25/4 2835/25/4 2850/25/4
f 2836/22/4 2837/22/4 2851/22/4
f 2837/22/4 2821/22/4 2852/22/4
f 2851/22/4 2837/22/4 2852/22/4
f 2842/17/4 2843/17/4 2857/17/4
f 2843/23/4 2844/23/4 2858/23/4
f 2857/17/4 2843/17/4 2858/17/4
f 2858/23/4 2844/23/4 2859/23/4
f 2846/26/4 2847/26/4 2861/26/4
f 2847/1/4 2848/1/4 2862/1/4
f 2861/26/4 2847/26/4 2862/26/4
f 2848/26/4 2849/26/4 2863/26/4
f 2862/1/4 2848/1/4 2863/1/4
f 2863/26/4 2849/26/4 2864/26/4
f 2852/23/4 2853/23/4 2867/23/4
f 2867/23/4 2853/23/4 2868/23/4
f 2854/23/4 2855/23/4 2869/23/4
f 2869/23/4 2855/23/4 2870/23/4
f 2856/23/4 2857/23/4 2871/23/4
f 2871/23/4 2857/23/4 2872/23/4
f 2859/23/4 2860/23/4 2873/23/4
f 2858/23/4 2859/23/4 2873/23/4
f 2873/23/4 2860/23/4 2874/23/4
f 2874/23/4 2860/23/4 2875/23/4
f 2865/23/4 2866/23/4 2876/23/4
f 2876/23/4 2866/23/4 2877/23/4
f 2872/23/4 2857/23/4 2881/23/4
f 2874/17/4 2875/17/4 2882/17/4
f 2882/17/4 2875/17/4 2883/17/4
f 2878/23/4 2879/23/4 2888/23/4
f 2888/23/4 2879/23/4 2889/23/4
f 2889/23/4 2879/23/4 2890/23/4
f 2890/23/4 2879/23/4 2891/23/4
f 2880/23/4 2881/23/4 2892/23/4
f 2881/23/4 2857/23/4 2893/23/4
f 2892/23/4 2881/23/4 2893/23/4
f 2893/23/4 2857/23/4 2894/23/4
f 2886/12/4 2887/12/4 2895/12/4
f 2885/21/4 2886/21/4 2895/21/4
f 2895/12/4 2887/12/4 2896/12/4
f 2883/23/4 2884/23/4 2898/23/4
f 2898/23/4 2884/23/4 2899/23/4
f 2896/12/4 2897/12/4 2901/12/4
f 2895/10/4 2896/10/4 2901/10/4
f 2901/12/4 2897/12/4 2902/12/4
f 2899/16/4 2900/16/4 2903/16/4
f 2898/16/4 2899/16/4 2903/16/4
f 2903/16/4 2900/16/4 2904/16/4
f 2901/10/4 2902/10/4 2905/10/4
f 2895/10/4 2901/10/4 2905/10/4
f 2885/21/4 2895/21/4 2905/21/4
f 2905/10/4 2902/10/4 2906/10/4
f 2903/23/4 2904/23/4 2908/23/4
f 2904/16/4 2900/16/4 2909/16/4
f 2908/23/4 2904/23/4 2909/23/4
f 2885/21/4 2905/21/4 2910/21/4
f 2905/12/4 2906/12/4 2911/12/4
f 2910/21/4 2905/21/4 2911/21/4
f 2906/10/4 2902/10/4 2912/10/4
f 2911/12/4 2906/12/4 2912/12/4
f 2912/10/4 2902/10/4 2913/10/4
f 2907/24/4 2908/24/4 2916/24/4
f 2909/16/4 2900/16/4 2917/16/4
f 2908/16/4 2909/16/4 2917/16/4
f 2912/12/4 2913/12/4 2922/12/4
f 2913/10/4 2902/10/4 2923/10/4
f 2922/12/4 2913/12/4 2923/12/4
f 2914/24/4 2915/24/4 2924/24/4
f 2915/24/4 2916/24/4 2924/24/4
f 2924/24/4 2916/24/4 2925/24/4
f 2916/24/4 2908/24/4 2926/24/4
f 2925/24/4 2916/24/4 2926/24/4
f 2917/16/4 2918/16/4 2927/16/4
f 2926/24/4 2908/24/4 2927/24/4
f 2908/16/4 2917/16/4 2927/16/4
f 2927/16/4 2918/16/4 2928/16/4
f 2928/16/4 2918/16/4 2929/16/4
f 2918/23/4 2919/23/4 2930/23/4
f 2929/16/4 2918/16/4 2930/16/4
f 2930/23/4 2919/23/4 2931/23/4
f 2920/21/4 2921/21/4 2932/21/4
f 2921/12/4 2922/12/4 2932/12/4
f 2922/10/4 2923/10/4 2933/10/4
f 2932/12/4 2922/12/4 2933/12/4
f 2926/24/4 2927/24/4 2934/24/4
f 2927/23/4 2928/23/4 2935/23/4
f 2934/24/4 2927/24/4 2935/24/4
f 2928/16/4 2929/16/4 2936/16/4
f 2935/23/4 2928/23/4 2936/23/4
f 2933/10/4 2923/10/4 2937/10/4
f 2932/10/4 2933/10/4 2937/10/4
f 2923/10/4 2902/10/4 2938/10/4
f 2937/10/4 2923/10/4 2938/10/4
f 2935/16/4 2936/16/4 2939/16/4
f 2936/16/4 2929/16/4 2940/16/4
f 2939/16/4 2936/16/4 2940/16/4
f 2932/10/4 2937/10/4 2941/10/4
f 2920/21/4 2932/21/4 2941/21/4
f 2937/12/4 2938/12/4 2942/12/4
f 2941/10/4 2937/10/4 2942/10/4
f 2942/12/4 2938/12/4 2943/12/4
f 2939/23/4 2940/23/4 2944/23/4
f 2940/16/4 2929/16/4 2945/16/4
f 2944/23/4 2940/23/4 2945/23/4
f 2945/16/4 2929/16/4 2946/16/4
f 2920/21/4 2941/21/4 2947/21/4
f 2941/12/4 2942/12/4 2948/12/4
f 2947/21/4 2941/21/4 2948/21/4
f 2948/12/4 2942/12/4 2949/12/4
f 2944/23/4 2945/23/4 2954/23/4
f 2952/23/4 2953/23/4 2957/23/4
f 2950/23/4 2951/23/4 2957/23/4
f 2951/23/4 2952/23/4 2957/23/4
f 2957/23/4 2953/23/4 2958/23/4
f 2954/23/4 2945/23/4 2961/23/4
f 2961/23/4 2945/23/4 2962/23/4
f 2955/23/4 2956/23/4 2963/23/4
f 2963/23/4 2956/23/4 2964/23/4
f 2959/23/4 2960/23/4 2967/23/4
f 2967/23/4 2960/23/4 2968/23/4
f 2965/23/4 2966/23/4 2972/23/4
f 2968/23/4 2969/23/4 2972/23/4
f 2967/23/4 2968/23/4 2972/23/4
f 2966/23/4 2967/23/4 2972/23/4
f 2972/23/4 2969/23/4 2973/23/4
f 2973/23/4 2969/23/4 2974/23/4
f 2974/23/4 2969/23/4 2975/23/4
f 2975/23/4 2969/23/4 2976/23/4
f 2970/23/4 2971/23/4 2978/23/4
f 2978/23/4 2971/23/4 2979/23/4
f 2972/23/4 2973/23/4 2980/23/4
f 2980/23/4 2973/23/4 2981/23/4
f 2974/23/4 2975/23/4 2982/23/4
f 2982/23/4 2975/23/4 2983/23/4
f 2977/22/4 2978/22/4 2984/22/4
f 2984/22/4 2978/22/4 2985/22/4
f 2985/22/4 2978/22/4 2986/22/4
f 2985/22/4 2986/22/4 2994/22/4
f 2986/23/4 2987/23/4 2995/23/4
f 2994/22/4 2986/22/4 2995/22/4
f 2987/23/4 2988/23/4 2995/23/4
f 2995/23/4 2988/23/4 2996/23/4
f 2996/23/4 2988/23/4 2997/23/4
f 2988/19/4 2989/19/4 2998/19/4
f 2997/23/4 2988/23/4 2998/23/4
f 2989/23/4 2990/23/4 2999/23/4
f 2998/19/4 2989/19/4 2999/19/4
f 2990/19/4 2991/19/4 3000/19/4
f 2999/23/4 2990/23/4 3000/23/4
f 2992/23/4 2993/23/4 3001/23/4
f 3000/19/4 2991/19/4 3001/19/4
f 2991/23/4 2992/23/4 3001/23/4
f 3001/23/4 2993/23/4 3002/23/4
f 2996/23/4 2997/23/4 3003/23/4
f 3003/23/4 2997/23/4 3004/23/4
f 3005/26/4 3006/26/4 3010/26/4
f 3007/26/4 3008/26/4 3011/26/4
f 3011/26/4 3008/26/4 3012/26/4
f 3009/25/4 3010/25/4 3019/25/4
f 3010/26/4 3006/26/4 3020/26/4
f 3019/25/4 3010/25/4 3020/25/4
f 3007/26/4 3011/26/4 3021/26/4
f 3013/23/4 3014/23/4 3023/23/4
f 3014/19/4 3015/19/4 3023/19/4
f 3015/23/4 3016/23/4 3024/23/4
f 3023/19/4 3015/19/4 3024/19/4
f 3024/23/4 3016/23/4 3025/23/4
f 3017/23/4 3018/23/4 3027/23/4
f 3027/23/4 3018/23/4 3028/23/4
f 3020/26/4 3006/26/4 3030/26/4
f 3006/1/4 3007/1/4 3031/1/4
f 3030/26/4 3006/26/4 3031/26/4
f 3021/26/4 3022/26/4 3032/26/4
f 3031/1/4 3007/1/4 3032/1/4
f 3007/26/4 3021/26/4 3032/26/4
f 3032/26/4 3022/26/4 3033/26/4
f 3013/23/4 3023/23/4 3034/23/4
f 3023/23/4 3024/23/4 3034/23/4
f 3024/19/4 3025/19/4 3035/19/4
f 3034/23/4 3024/23/4 3035/23/4
f 3025/23/4 3026/23/4 3036/23/4
f 3035/19/4 3025/19/4 3036/19/4
f 3026/19/4 3027/19/4 3037/19/4
f 3036/23/4 3026/23/4 3037/23/4
f 3028/23/4 3029/23/4 3038/23/4
f 3037/19/4 3027/19/4 3038/19/4
f 3027/23/4 3028/23/4 3038/23/4
f 3038/23/4 3029/23/4 3039/23/4
f 3039/23/4 3040/23/4 3043/23/4
f 3041/23/4 3042/23/4 3045/23/4
f 3045/23/4 3042/23/4 3046/23/4
f 3043/23/4 3044/23/4 3050/23/4
f 3046/23/4 3047/23/4 3052/23/4
f 3052/23/4 3047/23/4 3053/23/4
f 3053/23/4 3047/23/4 3054/23/4
f 3048/23/4 3049/23/4 3057/23/4
f 3057/23/4 3049/23/4 3058/23/4
f 3039/23/4 3043/23/4 3060/23/4
f 3050/23/4 3051/23/4 3060/23/4
f 3043/23/4 3050/23/4 3060/23/4
f 3053/23/4 3054/23/4 3061/23/4
f 3054/23/4 3055/23/4 3061/23/4
f 3061/23/4 3055/23/4 3062/23/4
f 3055/17/4 3056/17/4 3063/17/4
f 3062/23/4 3055/23/4 3063/23/4
f 3058/23/4 3059/23/4 3064/23/4
f 3063/17/4 3056/17/4 3064/17/4
f 3057/23/4 3058/23/4 3064/23/4
f 3056/23/4 3057/23/4 3064/23/4
f 3064/23/4 3059/23/4 3065/23/4
f 3065/23/4 3059/23/4 3066/23/4
f 3059/17/4 3060/17/4 3067/17/4
f 3066/23/4 3059/23/4 3067/23/4
f 3060/23/4 3051/23/4 3068/23/4
f 3067/17/4 3060/17/4 3068/17/4
f 3068/23/4 3051/23/4 3069/23/4
f 3069/23/4 3051/23/4 3070/23/4
f 3061/17/4 3062/17/4 3071/17/4
f 3062/23/4 3063/23/4 3072/23/4
f 3071/17/4 3062/17/4 3072/17/4
f 3063/23/4 3064/23/4 3072/23/4
f 3064/23/4 3065/23/4 3072/23/4
f 3072/23/4 3065/23/4 3073/23/4
f 3065/19/4 3066/19/4 3074/19/4
f 3073/23/4 3065/23/4 3074/23/4
f 3066/23/4 3067/23/4 3075/23/4
f 3074/19/4 3066/19/4 3075/19/4
f 3068/23/4 3069/23/4 3075/23/4
f 3067/23/4 3068/23/4 3075/23/4
f 3075/23/4 3069/23/4 3076/23/4
f 3069/24/4 3070/24/4 3077/24/4
f 3076/23/4 3069/23/4 3077/23/4
f 3077/24/4 3070/24/4 3078/24/4
f 3072/17/4 3073/17/4 3079/17/4
f 3071/23/4 3072/23/4 3079/23/4
f 3073/5/4 3074/5/4 3080/5/4
f 3079/17/4 3073/17/4 3080/17/4
f 3075/5/4 3076/5/4 3080/5/4
f 3074/5/4 3075/5/4 3080/5/4
f 3080/5/4 3076/5/4 3081/5/4
f 3081/5/4 3076/5/4 3082/5/4
f 3082/5/4 3076/5/4 3083/5/4
f 3083/5/4 3076/5/4 3084/5/4
f 3076/23/4 3077/23/4 3085/23/4
f 3084/5/4 3076/5/4 3085/5/4
f 3077/23/4 3078/23/4 3085/23/4
f 3085/23/4 3078/23/4 3086/23/4
f 3086/23/4 3078/23/4 3087/23/4
f 3087/23/4 3078/23/4 3088/23/4
f 3071/23/4 3079/23/4 3089/23/4
f 3079/23/4 3080/23/4 3089/23/4
f 3080/23/4 3081/23/4 3089/23/4
f 3089/23/4 3081/23/4 3090/23/4
f 3081/17/4 3082/17/4 3091/17/4
f 3090/23/4 3081/23/4 3091/23/4
f 3082/23/4 3083/23/4 3092/23/4
f 3091/17/4 3082/17/4 3092/17/4
f 3085/23/4 3086/23/4 3093/23/4
f 3084/23/4 3085/23/4 3093/23/4
f 3086/24/4 3087/24/4 3094/24/4
f 3093/23/4 3086/23/4 3094/23/4
f 3094/24/4 3087/24/4 3095/24/4
f 3089/24/4 3090/24/4 3096/24/4
f 3071/23/4 3089/23/4 3096/23/4
f 3090/23/4 3091/23/4 3097/23/4
f 3096/24/4 3090/24/4 3097/24/4
f 3091/23/4 3092/23/4 3097/23/4
f 3084/23/4 3093/23/4 3098/23/4
f 3071/23/4 3096/23/4 3101/23/4
f 3096/19/4 3097/19/4 3101/19/4
f 3097/23/4 3092/23/4 3102/23/4
f 3101/19/4 3097/19/4 3102/19/4
f 3083/5/4 3084/5/4 3103/5/4
f 3102/23/4 3092/23/4 3103/23/4
f 3092/23/4 3083/23/4 3103/23/4
f 3084/23/4 3098/23/4 3104/23/4
f 3103/5/4 3084/5/4 3104/5/4
f 3098/23/4 3099/23/4 3104/23/4
f 3104/23/4 3099/23/4 3105/23/4
f 3099/24/4 3100/24/4 3106/24/4
f 3105/23/4 3099/23/4 3106/23/4
f 3106/24/4 3100/24/4 3107/24/4
f 3101/23/4 3102/23/4 3109/23/4
f 3104/5/4 3105/5/4 3109/5/4
f 3102/5/4 3103/5/4 3109/5/4
f 3103/5/4 3104/5/4 3109/5/4
f 3109/5/4 3105/5/4 3110/5/4
f 3107/23/4 3108/23/4 3111/23/4
f 3110/5/4 3105/5/4 3111/5/4
f 3105/23/4 3106/23/4 3111/23/4
f 3106/23/4 3107/23/4 3111/23/4
f 3111/23/4 3108/23/4 3112/23/4
f 3112/23/4 3108/23/4 3113/23/4
f 3109/23/4 3110/23/4 3114/23/4
f 3101/23/4 3109/23/4 3114/23/4
f 3071/23/4 3101/23/4 3114/23/4
f 3114/23/4 3110/23/4 3115/23/4
f 3115/23/4 3110/23/4 3116/23/4
f 3111/19/4 3112/19/4 3117/19/4
f 3116/23/4 3110/23/4 3117/23/4
f 3110/19/4 3111/19/4 3117/19/4
f 3112/17/4 3113/17/4 3118/17/4
f 3117/19/4 3112/19/4 3118/19/4
f 3113/23/4 3108/23/4 3119/23/4
f 3118/17/4 3113/17/4 3119/17/4
f 3119/23/4 3108/23/4 3120/23/4
f 3120/23/4 3108/23/4 3121/23/4
f 3071/23/4 3114/23/4 3123/23/4
f 3114/19/4 3115/19/4 3124/19/4
f 3123/23/4 3114/23/4 3124/23/4
f 3115/23/4 3116/23/4 3125/23/4
f 3124/19/4 3115/19/4 3125/19/4
f 3117/19/4 3118/19/4 3126/19/4
f 3125/23/4 3116/23/4 3126/23/4
f 3116/19/4 3117/19/4 3126/19/4
f 3126/19/4 3118/19/4 3127/19/4
f 3127/19/4 3118/19/4 3128/19/4
f 3118/23/4 3119/23/4 3129/23/4
f 3128/19/4 3118/19/4 3129/19/4
f 3119/23/4 3120/23/4 3129/23/4
f 3120/19/4 3121/19/4 3130/19/4
f 3129/23/4 3120/23/4 3130/23/4
f 3130/19/4 3121/19/4 3131/19/4
f 3123/23/4 3124/23/4 3134/23/4
f 3122/23/4 3123/23/4 3134/23/4
f 3134/23/4 3124/23/4 3135/23/4
f 3127/19/4 3128/19/4 3136/19/4
f 3136/19/4 3128/19/4 3137/19/4
f 3129/23/4 3130/23/4 3138/23/4
f 3137/19/4 3128/19/4 3138/19/4
f 3130/23/4 3131/23/4 3138/23/4
f 3128/23/4 3129/23/4 3138/23/4
f 3138/23/4 3131/23/4 3139/23/4
f 3139/23/4 3131/23/4 3140/23/4
f 3140/23/4 3131/23/4 3141/23/4
f 3141/23/4 3131/23/4 3142/23/4
f 3132/23/4 3133/23/4 3143/23/4
f 3133/23/4 3134/23/4 3143/23/4
f 3143/23/4 3134/23/4 3144/23/4
f 3138/23/4 3139/23/4 3145/23/4
f 3137/23/4 3138/23/4 3145/23/4
f 3139/17/4 3140/17/4 3146/17/4
f 3145/23/4 3139/23/4 3146/23/4
f 3146/17/4 3140/17/4 3147/17/4
f 3141/19/4 3142/19/4 3148/19/4
f 3148/19/4 3142/19/4 3149/19/4
f 3150/19/4 3151/19/4 3158/19/4
f 3151/23/4 3152/23/4 3159/23/4
f 3158/19/4 3151/19/4 3159/19/4
f 3159/23/4 3152/23/4 3160/23/4
f 3152/19/4 3153/19/4 3161/19/4
f 3160/23/4 3152/23/4 3161/23/4
f 3153/23/4 3154/23/4 3162/23/4
f 3161/19/4 3153/19/4 3162/19/4
f 3162/23/4 3154/23/4 3163/23/4
f 3155/23/4 3156/23/4 3164/23/4
f 3157/23/4 3158/23/4 3167/23/4
f 3159/19/4 3160/19/4 3168/19/4
f 3167/23/4 3158/23/4 3168/23/4
f 3158/19/4 3159/19/4 3168/19/4
f 3162/23/4 3163/23/4 3169/23/4
f 3168/19/4 3160/19/4 3169/19/4
f 3160/23/4 3161/23/4 3169/23/4
f 3161/23/4 3162/23/4 3169/23/4
f 3163/19/4 3164/19/4 3170/19/4
f 3169/23/4 3163/23/4 3170/23/4
f 3164/23/4 3156/23/4 3171/23/4
f 3170/19/4 3164/19/4 3171/19/4
f 3171/23/4 3156/23/4 3172/23/4
f 3165/21/4 3166/21/4 3173/21/4
f 3173/21/4 3166/21/4 3174/21/4
f 3176/23/4 3177/23/4 3180/23/4
f 3177/24/4 3178/24/4 3180/24/4
f 3178/23/4 3179/23/4 3181/23/4
f 3180/24/4 3178/24/4 3181/24/4
f 3181/23/4 3179/23/4 3182/23/4
f 3180/23/4 3181/23/4 3184/23/4
f 3182/23/4 3183/23/4 3184/23/4
f 3181/23/4 3182/23/4 3184/23/4
f 3184/23/4 3183/23/4 3185/23/4
f 3185/23/4 3183/23/4 3186/23/4
f 3180/23/4 3184/23/4 3188/23/4
f 3184/17/4 3185/17/4 3188/17/4
f 3185/19/4 3186/19/4 3189/19/4
f 3188/17/4 3185/17/4 3189/17/4
f 3186/23/4 3187/23/4 3190/23/4
f 3189/19/4 3186/19/4 3190/19/4
f 3190/23/4 3187/23/4 3191/23/4
f 3188/23/4 3189/23/4 3192/23/4
f 3189/23/4 3190/23/4 3192/23/4
f 3190/19/4 3191/19/4 3192/19/4
f 3192/19/4 3191/19/4 3193/19/4
f 3175/24/4 3176/24/4 3194/24/4
f 3176/23/4 3180/23/4 3194/23/4
f 3192/23/4 3193/23/4 3194/23/4
f 3188/23/4 3192/23/4 3194/23/4
f 3180/23/4 3188/23/4 3194/23/4
f 3194/23/4 3193/23/4 3195/23/4
f 3195/23/4 3193/23/4 3196/23/4
f 3196/23/4 3193/23/4 3197/23/4
f 3197/23/4 3193/23/4 3198/23/4
f 3175/24/4 3194/24/4 3199/24/4
f 3194/24/4 3195/24/4 3199/24/4
f 3195/23/4 3196/23/4 3200/23/4
f 3199/24/4 3195/24/4 3200/24/4
f 3196/17/4 3197/17/4 3201/17/4
f 3200/23/4 3196/23/4 3201/23/4
f 3197/19/4 3198/19/4 3202/19/4
f 3201/17/4 3197/17/4 3202/17/4
f 3200/23/4 3201/23/4 3203/23/4
f 3202/19/4 3198/19/4 3203/19/4
f 3201/23/4 3202/23/4 3203/23/4
f 3199/23/4 3200/23/4 3203/23/4
f 3198/23/4 3193/23/4 3204/23/4
f 3203/19/4 3198/19/4 3204/19/4
f 3199/23/4 3203/23/4 3205/23/4
f 3203/23/4 3204/23/4 3205/23/4
f 3205/23/4 3204/23/4 3206/23/4
f 3204/23/4 3193/23/4 3207/23/4
f 3206/23/4 3204/23/4 3207/23/4
f 3205/19/4 3206/19/4 3208/19/4
f 3206/17/4 3207/17/4 3208/17/4
f 3207/23/4 3193/23/4 3209/23/4
f 3208/17/4 3207/17/4 3209/17/4
f 3199/23/4 3205/23/4 3210/23/4
f 3210/23/4 3205/23/4 3211/23/4
f 3205/19/4 3208/19/4 3212/19/4
f 3211/23/4 3205/23/4 3212/23/4
f 3208/23/4 3209/23/4 3213/23/4
f 3212/19/4 3208/19/4 3213/19/4
f 3210/24/4 3211/24/4 3214/24/4
f 3199/23/4 3210/23/4 3214/23/4
f 3211/23/4 3212/23/4 3215/23/4
f 3214/24/4 3211/24/4 3215/24/4
f 3212/23/4 3213/23/4 3215/23/4
f 3213/23/4 3209/23/4 3216/23/4
f 3215/23/4 3213/23/4 3216/23/4
f 3209/23/4 3193/23/4 3217/23/4
f 3216/23/4 3209/23/4 3217/23/4
f 3217/23/4 3193/23/4 3218/23/4
f 3214/23/4 3215/23/4 3219/23/4
f 3215/23/4 3216/23/4 3219/23/4
f 3216/24/4 3217/24/4 3220/24/4
f 3219/23/4 3216/23/4 3220/23/4
f 3220/24/4 3217/24/4 3221/24/4
f 3175/24/4 3199/24/4 3222/24/4
f 3214/23/4 3219/23/4 3223/23/4
f 3222/24/4 3199/24/4 3223/24/4
f 3199/23/4 3214/23/4 3223/23/4
f 3223/23/4 3219/23/4 3224/23/4
f 3225/21/4 3226/21/4 3227/21/4
f 3227/21/4 3226/21/4 3228/21/4
f 3234/2/5 3230/2/5 3229/2/5
f 3235/2/5 3230/2/5 3234/2/5
f 3236/2/5 3232/2/5 3231/2/5
f 3237/2/5 3232/2/5 3236/2/5
f 3239/21/5 3235/21/5 3234/21/5
f 3239/21/5 3234/21/5 3233/21/5
f 3240/21/5 3235/21/5 3239/21/5
f 3241/21/5 3238/21/5 3237/21/5
f 3241/21/5 3237/21/5 3236/21/5
f 3242/21/5 3238/21/5 3241/21/5
f 3246/25/5 3244/25/5 3243/25/5
f 3247/25/5 3244/25/5 3246/25/5
f 3250/26/5 3246/26/5 3245/26/5
f 3250/26/5 3248/26/5 3247/26/5
f 3250/26/5 3247/26/5 3246/26/5
f 3251/25/5 3250/25/5 3249/25/5
f 3252/26/5 3248/26/5 3250/26/5
f 3252/25/5 3250/25/5 3251/25/5
f 3253/26/5 3248/26/5 3252/26/5
f 3254/26/5 3248/26/5 3253/26/5
f 3255/26/5 3248/26/5 3254/26/5
f 3256/26/5 3248/26/5 3255/26/5
f 3257/25/5 3255/25/5 3254/25/5
f 3258/25/5 3255/25/5 3257/25/5
f 3268/26/5 3260/26/5 3259/26/5
f 3269/26/5 3260/26/5 3268/26/5
f 3270/26/5 3262/26/5 3261/26/5
f 3271/26/5 3262/26/5 3270/26/5
f 3274/24/5 3264/24/5 3263/24/5
f 3275/24/5 3264/24/5 3274/24/5
f 3276/24/5 3266/24/5 3265/24/5
f 3277/24/5 3266/24/5 3276/24/5
f 3279/26/5 3272/26/5 3271/26/5
f 3280/24/5 3274/24/5 3273/24/5
f 3281/24/5 3274/24/5 3280/24/5
f 3282/24/5 3278/24/5 3277/24/5
f 3283/24/5 3278/24/5 3282/24/5
f 3285/26/5 3268/26/5 3267/26/5
f 3286/26/5 3268/26/5 3285/26/5
f 3287/24/5 3281/24/5 3280/24/5
f 3287/24/5 3280/24/5 3279/24/5
f 3288/24/5 3281/24/5 3287/24/5
f 3289/24/5 3284/24/5 3283/24/5
f 3289/24/5 3283/24/5 3282/24/5
f 3292/24/5 3284/24/5 3289/24/5
f 3293/24/5 3284/24/5 3292/24/5
f 3294/26/5 3291/26/5 3290/26/5
f 3295/26/5 3291/26/5 3294/26/5
f 3298/26/5 3279/26/5 3271/26/5
f 3299/24/5 3287/24/5 3279/24/5
f 3299/26/5 3279/26/5 3298/26/5
f 3300/26/5 3296/26/5 3295/26/5
f 3301/26/5 3296/26/5 3300/26/5
f 3302/26/5 3298/26/5 3297/26/5
f 3303/26/5 3298/26/5 3302/26/5
f 3304/24/5 3287/24/5 3299/24/5
f 3305/24/5 3284/24/5 3293/24/5
f 3306/24/5 3304/24/5 3299/24/5
f 3306/24/5 3305/24/5 3304/24/5
f 3307/24/5 3284/24/5 3305/24/5
f 3307/24/5 3305/24/5 3306/24/5
f 3310/26/5 3309/26/5 3308/26/5
f 3311/26/5 3309/26/5 3310/26/5
f 3315/26/5 3313/26/5 3312/26/5
f 3316/26/5 3313/26/5 3315/26/5
f 3319/1/5 3315/1/5 3314/1/5
f 3319/1/5 3316/1/5 3315/1/5
f 3322/12/5 3318/12/5 3317/12/5
f 3323/12/5 3318/12/5 3322/12/5
f 3324/1/5 3316/1/5 3319/1/5
f 3327/1/5 3316/1/5 3324/1/5
f 3328/1/5 3316/1/5 3327/1/5
f 3329/23/5 3321/23/5 3320/23/5
f 3330/10/5 3323/10/5 3322/10/5
f 3331/10/5 3323/10/5 3330/10/5
f 3332/23/5 3326/23/5 3325/23/5
f 3333/23/5 3326/23/5 3332/23/5
f 3334/26/5 3328/26/5 3327/26/5
f 3335/26/5 3328/26/5 3334/26/5
f 3336/23/5 3329/23/5 3320/23/5
f 3337/12/5 3331/12/5 3330/12/5
f 3338/12/5 3331/12/5 3337/12/5
f 3339/23/5 3333/23/5 3332/23/5
f 3340/23/5 3333/23/5 3339/23/5
f 3341/23/5 3336/23/5 3320/23/5
f 3342/23/5 3336/23/5 3341/23/5
f 3343/23/5 3340/23/5 3339/23/5
f 3344/23/5 3340/23/5 3343/23/5
f 3347/25/5 3346/25/5 3345/25/5
f 3348/25/5 3346/25/5 3347/25/5
f 3354/22/5 3351/22/5 3350/22/5
f 3354/22/5 3350/22/5 3349/22/5
f 3355/22/5 3351/22/5 3354/22/5
f 3356/22/5 3353/22/5 3352/22/5
f 3357/22/5 3353/22/5 3356/22/5
f 3362/22/5 3359/22/5 3358/22/5
f 3363/22/5 3359/22/5 3362/22/5
f 3364/22/5 3359/22/5 3363/22/5
f 3365/22/5 3361/22/5 3360/22/5
f 3366/22/5 3361/22/5 3365/22/5
f 3370/25/5 3368/25/5 3367/25/5
f 3371/25/5 3368/25/5 3370/25/5
f 3373/25/5 3370/25/5 3369/25/5
f 3374/25/5 3370/25/5 3373/25/5
f 3375/25/5 3372/25/5 3371/25/5
f 3376/25/5 3372/25/5 3375/25/5
f 3377/25/5 3375/25/5 3374/25/5
f 3378/25/5 3375/25/5 3377/25/5
f 3386/15/5 3378/15/5 3377/15/5
f 3387/15/5 3378/15/5 3386/15/5
f 3389/22/5 3380/22/5 3379/22/5
f 3390/22/5 3380/22/5 3389/22/5
f 3391/12/5 3382/12/5 3381/12/5
f 3392/12/5 3382/12/5 3391/12/5
f 3393/12/5 3384/12/5 3383/12/5
f 3394/12/5 3384/12/5 3393/12/5
f 3395/22/5 3386/22/5 3385/22/5
f 3396/22/5 3386/22/5 3395/22/5
f 3398/9/5 3389/9/5 3388/9/5
f 3399/9/5 3389/9/5 3398/9/5
f 3400/23/5 3397/23/5 3396/23/5
f 3401/23/5 3397/23/5 3400/23/5
f 3404/10/5 3392/10/5 3391/10/5
f 3405/10/5 3392/10/5 3404/10/5
f 3406/10/5 3394/10/5 3393/10/5
f 3410/22/5 3403/22/5 3402/22/5
f 3411/22/5 3403/22/5 3410/22/5
f 3412/12/5 3405/12/5 3404/12/5
f 3413/12/5 3405/12/5 3412/12/5
f 3416/10/5 3394/10/5 3406/10/5
f 3417/10/5 3394/10/5 3416/10/5
f 3418/22/5 3408/22/5 3407/22/5
f 3419/25/5 3409/25/5 3408/25/5
f 3419/22/5 3408/22/5 3418/22/5
f 3420/25/5 3409/25/5 3419/25/5
f 3421/23/5 3415/23/5 3414/23/5
f 3421/23/5 3417/23/5 3416/23/5
f 3421/23/5 3416/23/5 3415/23/5
f 3421/23/5 3413/23/5 3412/23/5
f 3421/23/5 3414/23/5 3413/23/5
f 3422/23/5 3417/23/5 3421/23/5
f 3423/23/5 3417/23/5 3422/23/5
f 3424/23/5 3417/23/5 3423/23/5
f 3425/23/5 3417/23/5 3424/23/5
f 3426/23/5 3417/23/5 3425/23/5
f 3427/23/5 3417/23/5 3426/23/5
f 3428/21/5 3420/21/5 3419/21/5
f 3429/21/5 3420/21/5 3428/21/5
f 3432/22/5 3431/22/5 3430/22/5
f 3433/22/5 3431/22/5 3432/22/5
f 3436/21/5 3435/21/5 3434/21/5
f 3437/21/5 3435/21/5 3436/21/5
f 3443/22/5 3439/22/5 3438/22/5
f 3444/22/5 3439/22/5 3443/22/5
f 3447/22/5 3441/22/5 3440/22/5
f 3448/22/5 3441/22/5 3447/22/5
f 3450/22/5 3443/22/5 3442/22/5
f 3451/22/5 3443/22/5 3450/22/5
f 3452/22/5 3449/22/5 3448/22/5
f 3452/22/5 3448/22/5 3447/22/5
f 3452/22/5 3447/22/5 3446/22/5
f 3453/22/5 3449/22/5 3452/22/5
f 3454/22/5 3445/22/5 3444/22/5
f 3455/22/5 3445/22/5 3454/22/5
f 3456/22/5 3452/22/5 3446/22/5
f 3457/22/5 3452/22/5 3456/22/5
f 3469/19/5 3459/19/5 3458/19/5
f 3470/23/5 3460/23/5 3459/23/5
f 3470/19/5 3459/19/5 3469/19/5
f 3471/19/5 3461/19/5 3460/19/5
f 3471/23/5 3460/23/5 3470/23/5
f 3472/19/5 3461/19/5 3471/19/5
f 3474/6/5 3463/6/5 3462/6/5
f 3475/6/5 3463/6/5 3474/6/5
f 3476/6/5 3465/6/5 3464/6/5
f 3477/6/5 3465/6/5 3476/6/5
f 3479/23/5 3467/23/5 3466/23/5
f 3480/23/5 3467/23/5 3479/23/5
f 3482/19/5 3469/19/5 3468/19/5
f 3483/19/5 3469/19/5 3482/19/5
f 3484/19/5 3473/19/5 3472/19/5
f 3485/19/5 3473/19/5 3484/19/5
f 3486/23/5 3481/23/5 3480/23/5
f 3487/23/5 3481/23/5 3486/23/5
f 3488/23/5 3483/23/5 3482/23/5
f 3489/23/5 3483/23/5 3488/23/5
f 3493/19/5 3490/19/5 3489/19/5
f 3494/19/5 3490/19/5 3493/19/5
f 3495/23/5 3492/23/5 3491/23/5
f 3496/23/5 3492/23/5 3495/23/5
f 3497/23/5 3479/23/5 3478/23/5
f 3498/23/5 3479/23/5 3497/23/5
f 3500/23/5 3495/23/5 3494/23/5
f 3501/23/5 3495/23/5 3500/23/5
f 3502/23/5 3499/23/5 3498/23/5
f 3503/23/5 3499/23/5 3502/23/5
f 3509/10/5 3505/10/5 3504/10/5
f 3510/10/5 3505/10/5 3509/10/5
f 3513/10/5 3507/10/5 3506/10/5
f 3514/10/5 3507/10/5 3513/10/5
f 3516/10/5 3509/10/5 3508/10/5
f 3517/10/5 3509/10/5 3516/10/5
f 3518/10/5 3511/10/5 3510/10/5
f 3519/10/5 3511/10/5 3518/10/5
f 3520/10/5 3513/10/5 3512/10/5
f 3521/10/5 3513/10/5 3520/10/5
f 3522/10/5 3515/10/5 3514/10/5
f 3523/10/5 3515/10/5 3522/10/5
f 3530/22/5 3525/22/5 3524/22/5
f 3531/22/5 3525/22/5 3530/22/5
f 3532/23/5 3527/23/5 3526/23/5
f 3533/23/5 3527/23/5 3532/23/5
f 3535/23/5 3529/23/5 3528/23/5
f 3536/23/5 3529/23/5 3535/23/5
f 3539/23/5 3535/23/5 3534/23/5
f 3540/23/5 3535/23/5 3539/23/5
f 3541/19/5 3538/19/5 3537/19/5
f 3542/19/5 3538/19/5 3541/19/5
f 3549/10/5 3544/10/5 3543/10/5
f 3550/10/5 3544/10/5 3549/10/5
f 3551/10/5 3546/10/5 3545/10/5
f 3552/10/5 3546/10/5 3551/10/5
f 3557/10/5 3548/10/5 3547/10/5
f 3558/10/5 3548/10/5 3557/10/5
f 3559/6/5 3551/6/5 3550/6/5
f 3560/6/5 3551/6/5 3559/6/5
f 3561/10/5 3554/10/5 3553/10/5
f 3562/10/5 3554/10/5 3561/10/5
f 3563/23/5 3556/23/5 3555/23/5
f 3564/23/5 3556/23/5 3563/23/5
f 3569/16/5 3566/16/5 3565/16/5
f 3570/16/5 3566/16/5 3569/16/5
f 3573/16/5 3568/16/5 3567/16/5
f 3574/16/5 3568/16/5 3573/16/5
f 3575/25/5 3572/25/5 3571/25/5
f 3576/25/5 3572/25/5 3575/25/5
f 3581/19/5 3578/19/5 3577/19/5
f 3582/19/5 3578/19/5 3581/19/5
f 3583/23/5 3580/23/5 3579/23/5
f 3584/23/5 3580/23/5 3583/23/5
f 3587/23/5 3586/23/5 3585/23/5
f 3588/23/5 3586/23/5 3587/23/5
f 3593/16/5 3590/16/5 3589/16/5
f 3594/16/5 3590/16/5 3593/16/5
f 3595/16/5 3592/16/5 3591/16/5
f 3596/16/5 3592/16/5 3595/16/5
f 3599/23/5 3598/23/5 3597/23/5
f 3600/23/5 3598/23/5 3599/23/5
f 3605/21/5 3602/21/5 3601/21/5
f 3606/21/5 3602/21/5 3605/21/5
f 3607/21/5 3604/21/5 3603/21/5
f 3608/21/5 3604/21/5 3607/21/5
f 3611/23/5 3610/23/5 3609/23/5
f 3612/23/5 3610/23/5 3611/23/5
f 3617/23/5 3614/23/5 3613/23/5
f 3618/23/5 3614/23/5 3617/23/5
f 3621/23/5 3616/23/5 3615/23/5
f 3622/23/5 3616/23/5 3621/23/5
f 3627/23/5 3620/23/5 3619/23/5
f 3628/23/5 3620/23/5 3627/23/5
f 3629/23/5 3624/23/5 3623/23/5
f 3630/23/5 3624/23/5 3629/23/5
f 3631/19/5 3626/19/5 3625/19/5
f 3632/19/5 3626/19/5 3631/19/5
f 3641/25/5 3634/25/5 3633/25/5
f 3642/21/5 3635/21/5 3634/21/5
f 3642/25/5 3634/25/5 3641/25/5
f 3643/21/5 3635/21/5 3642/21/5
f 3644/21/5 3637/21/5 3636/21/5
f 3645/25/5 3638/25/5 3637/25/5
f 3645/21/5 3637/21/5 3644/21/5
f 3646/25/5 3638/25/5 3645/25/5
f 3647/16/5 3640/16/5 3639/16/5
f 3648/16/5 3640/16/5 3647/16/5
f 3649/23/5 3643/23/5 3642/23/5
f 3650/23/5 3643/23/5 3649/23/5
f 3651/23/5 3645/23/5 3644/23/5
f 3652/23/5 3645/23/5 3651/23/5
f 3657/23/5 3656/23/5 3655/23/5
f 3659/23/5 3654/23/5 3653/23/5
f 3660/23/5 3654/23/5 3659/23/5
f 3661/23/5 3656/23/5 3657/23/5
f 3662/23/5 3656/23/5 3661/23/5
f 3663/23/5 3659/23/5 3658/23/5
f 3664/23/5 3663/23/5 3658/23/5
f 3665/23/5 3663/23/5 3664/23/5
f 3666/23/5 3663/23/5 3665/23/5
f 3673/21/5 3668/21/5 3667/21/5
f 3674/21/5 3668/21/5 3673/21/5
f 3677/21/5 3670/21/5 3669/21/5
f 3678/21/5 3670/21/5 3677/21/5
f 3681/19/5 3672/19/5 3671/19/5
f 3682/19/5 3672/19/5 3681/19/5
f 3684/22/5 3676/22/5 3675/22/5
f 3685/22/5 3676/22/5 3684/22/5
f 3687/23/5 3680/23/5 3679/23/5
f 3688/23/5 3680/23/5 3687/23/5
f 3690/23/5 3683/23/5 3682/23/5
f 3691/23/5 3683/23/5 3690/23/5
f 3693/23/5 3690/23/5 3689/23/5
f 3694/23/5 3690/23/5 3693/23/5
f 3695/23/5 3692/23/5 3691/23/5
f 3696/23/5 3692/23/5 3695/23/5
f 3697/23/5 3687/23/5 3686/23/5
f 3698/23/5 3687/23/5 3697/23/5
f 3703/23/5 3700/23/5 3699/23/5
f 3704/23/5 3700/23/5 3703/23/5
f 3705/23/5 3702/23/5 3701/23/5
f 3706/23/5 3702/23/5 3705/23/5
f 3712/22/5 3708/22/5 3707/22/5
f 3713/8/5 3709/8/5 3708/8/5
f 3713/22/5 3708/22/5 3712/22/5
f 3714/22/5 3710/22/5 3709/22/5
f 3714/8/5 3709/8/5 3713/8/5
f 3715/22/5 3710/22/5 3714/22/5
f 3717/22/5 3713/22/5 3712/22/5
f 3717/22/5 3716/22/5 3715/22/5
f 3717/22/5 3715/22/5 3714/22/5
f 3717/22/5 3714/22/5 3713/22/5
f 3717/22/5 3712/22/5 3711/22/5
f 3718/22/5 3716/22/5 3717/22/5
f 3719/22/5 3718/22/5 3717/22/5
f 3720/22/5 3718/22/5 3719/22/5
f 3721/22/5 3718/22/5 3720/22/5
f 3722/22/5 3718/22/5 3721/22/5
f 3725/23/5 3724/23/5 3723/23/5
f 3726/23/5 3724/23/5 3725/23/5
f 3729/23/5 3728/23/5 3727/23/5
f 3730/23/5 3728/23/5 3729/23/5
f 3735/23/5 3732/23/5 3731/23/5
f 3736/23/5 3732/23/5 3735/23/5
f 3737/23/5 3734/23/5 3733/23/5
f 3738/23/5 3734/23/5 3737/23/5
f 3743/22/5 3740/22/5 3739/22/5
f 3744/22/5 3740/22/5 3743/22/5
f 3745/22/5 3742/22/5 3741/22/5
f 3746/22/5 3742/22/5 3745/22/5
f 3749/23/5 3748/23/5 3747/23/5
f 3750/23/5 3748/23/5 3749/23/5
f 3755/17/5 3752/17/5 3751/17/5
f 3756/17/5 3752/17/5 3755/17/5
f 3757/17/5 3754/17/5 3753/17/5
f 3758/17/5 3754/17/5 3757/17/5
f 3763/22/5 3760/22/5 3759/22/5
f 3764/22/5 3760/22/5 3763/22/5
f 3767/22/5 3762/22/5 3761/22/5
f 3768/22/5 3762/22/5 3767/22/5
f 3773/23/5 3764/23/5 3763/23/5
f 3774/15/5 3765/15/5 3764/15/5
f 3774/23/5 3764/23/5 3773/23/5
f 3775/15/5 3765/15/5 3774/15/5
f 3776/15/5 3767/15/5 3766/15/5
f 3777/23/5 3768/23/5 3767/23/5
f 3777/15/5 3767/15/5 3776/15/5
f 3778/23/5 3768/23/5 3777/23/5
f 3779/16/5 3770/16/5 3769/16/5
f 3780/16/5 3770/16/5 3779/16/5
f 3782/23/5 3772/23/5 3771/23/5
f 3783/23/5 3772/23/5 3782/23/5
f 3784/23/5 3781/23/5 3780/23/5
f 3785/23/5 3781/23/5 3784/23/5
f 3788/19/5 3787/19/5 3786/19/5
f 3789/19/5 3787/19/5 3788/19/5
f 3796/17/5 3791/17/5 3790/17/5
f 3797/17/5 3791/17/5 3796/17/5
f 3798/17/5 3793/17/5 3792/17/5
f 3799/17/5 3793/17/5 3798/17/5
f 3800/17/5 3795/17/5 3794/17/5
f 3801/17/5 3795/17/5 3800/17/5
f 3806/17/5 3803/17/5 3802/17/5
f 3807/17/5 3803/17/5 3806/17/5
f 3808/17/5 3805/17/5 3804/17/5
f 3809/17/5 3805/17/5 3808/17/5
f 3812/24/5 3811/24/5 3810/24/5
f 3813/24/5 3811/24/5 3812/24/5
f 3814/2/6 3815/2/6 3819/2/6
f 3819/2/6 3815/2/6 3820/2/6
f 3820/2/6 3815/2/6 3821/2/6
f 3821/2/6 3815/2/6 3822/2/6
f 3816/2/6 3817/2/6 3823/2/6
f 3823/2/6 3817/2/6 3824/2/6
f 3824/2/6 3817/2/6 3825/2/6
f 3825/2/6 3817/2/6 3826/2/6
f 3818/21/6 3819/21/6 3828/21/6
f 3828/21/6 3819/21/6 3829/21/6
f 3826/21/6 3827/21/6 3830/21/6
f 3830/21/6 3827/21/6 3831/21/6
f 3832/4/6 3833/4/6 3841/4/6
f 3833/21/6 3834/21/6 3842/21/6
f 3841/4/6 3833/4/6 3842/4/6
f 3834/4/6 3835/4/6 3843/4/6
f 3842/21/6 3834/21/6 3843/21/6
f 3843/4/6 3835/4/6 3844/4/6
f 3836/4/6 3837/4/6 3845/4/6
f 3837/21/6 3838/21/6 3846/21/6
f 3845/4/6 3837/4/6 3846/4/6
f 3838/4/6 3839/4/6 3847/4/6
f 3846/21/6 3838/21/6 3847/21/6
f 3847/4/6 3839/4/6 3848/4/6
f 3840/21/6 3841/21/6 3850/21/6
f 3841/21/6 3842/21/6 3850/21/6
f 3843/21/6 3844/21/6 3850/21/6
f 3842/21/6 3843/21/6 3850/21/6
f 3850/21/6 3844/21/6 3851/21/6
f 3851/21/6 3844/21/6 3852/21/6
f 3852/21/6 3844/21/6 3853/21/6
f 3845/21/6 3846/21/6 3854/21/6
f 3848/21/6 3849/21/6 3854/21/6
f 3847/21/6 3848/21/6 3854/21/6
f 3846/21/6 3847/21/6 3854/21/6
f 3854/21/6 3849/21/6 3855/21/6
f 3855/21/6 3849/21/6 3856/21/6
f 3856/21/6 3849/21/6 3857/21/6
f 3858/26/6 3859/26/6 3860/26/6
f 3860/26/6 3859/26/6 3861/26/6
f 3861/26/6 3859/26/6 3862/26/6
f 3862/26/6 3859/26/6 3863/26/6
f 3861/26/6 3862/26/6 3864/26/6
f 3864/26/6 3862/26/6 3865/26/6
f 3866/1/6 3867/1/6 3868/1/6
f 3868/1/6 3867/1/6 3869/1/6
f 3870/26/6 3871/26/6 3872/26/6
f 3872/26/6 3871/26/6 3873/26/6
f 3874/12/6 3875/12/6 3878/12/6
f 3878/12/6 3875/12/6 3879/12/6
f 3876/12/6 3877/12/6 3880/12/6
f 3880/12/6 3877/12/6 3881/12/6
f 3878/10/6 3879/10/6 3882/10/6
f 3882/10/6 3879/10/6 3883/10/6
f 3880/10/6 3881/10/6 3884/10/6
f 3884/10/6 3881/10/6 3885/10/6
f 3882/12/6 3883/12/6 3888/12/6
f 3888/12/6 3883/12/6 3889/12/6
f 3884/12/6 3885/12/6 3890/12/6
f 3890/12/6 3885/12/6 3891/12/6
f 3886/26/6 3887/26/6 3892/26/6
f 3892/26/6 3887/26/6 3893/26/6
f 3894/26/6 3895/26/6 3899/26/6
f 3899/26/6 3895/26/6 3900/26/6
f 3896/26/6 3897/26/6 3901/26/6
f 3901/26/6 3897/26/6 3902/26/6
f 3898/26/6 3899/26/6 3904/26/6
f 3902/26/6 3903/26/6 3907/26/6
f 3907/26/6 3903/26/6 3908/26/6
f 3907/26/6 3908/26/6 3912/26/6
f 3908/23/6 3909/23/6 3912/23/6
f 3912/23/6 3909/23/6 3913/23/6
f 3910/23/6 3911/23/6 3914/23/6
f 3914/23/6 3911/23/6 3915/23/6
f 3905/1/6 3906/1/6 3916/1/6
f 3898/26/6 3904/26/6 3916/26/6
f 3904/1/6 3905/1/6 3916/1/6
f 3906/1/6 3907/1/6 3916/1/6
f 3916/1/6 3907/1/6 3917/1/6
f 3917/1/6 3907/1/6 3918/1/6
f 3907/26/6 3912/26/6 3919/26/6
f 3918/1/6 3907/1/6 3919/1/6
f 3898/26/6 3916/26/6 3920/26/6
f 3920/26/6 3916/26/6 3921/26/6
f 3919/26/6 3912/26/6 3924/26/6
f 3924/26/6 3912/26/6 3925/26/6
f 3921/26/6 3922/26/6 3926/26/6
f 3926/26/6 3922/26/6 3927/26/6
f 3923/26/6 3924/26/6 3928/26/6
f 3928/26/6 3924/26/6 3929/26/6
f 3930/23/6 3931/23/6 3934/23/6
f 3934/23/6 3931/23/6 3935/23/6
f 3932/23/6 3933/23/6 3936/23/6
f 3936/23/6 3933/23/6 3937/23/6
f 3938/25/6 3939/25/6 3942/25/6
f 3942/25/6 3939/25/6 3943/25/6
f 3940/25/6 3941/25/6 3944/25/6
f 3944/25/6 3941/25/6 3945/25/6
f 3946/25/6 3947/25/6 3950/25/6
f 3950/25/6 3947/25/6 3951/25/6
f 3948/25/6 3949/25/6 3952/25/6
f 3952/25/6 3949/25/6 3953/25/6
f 3954/9/6 3955/9/6 3956/9/6
f 3956/9/6 3955/9/6 3957/9/6
f 3958/23/6 3959/23/6 3962/23/6
f 3962/23/6 3959/23/6 3963/23/6
f 3960/23/6 3961/23/6 3964/23/6
f 3964/23/6 3961/23/6 3965/23/6
f 3966/9/6 3967/9/6 3968/9/6
f 3968/9/6 3967/9/6 3969/9/6
f 3970/23/6 3971/23/6 3974/23/6
f 3974/23/6 3971/23/6 3975/23/6
f 3972/23/6 3973/23/6 3978/23/6
f 3978/23/6 3973/23/6 3979/23/6
f 3975/23/6 3976/23/6 3980/23/6
f 3980/23/6 3976/23/6 3981/23/6
f 3977/24/6 3978/24/6 3982/24/6
f 3982/24/6 3978/24/6 3983/24/6
f 3984/25/6 3985/25/6 3987/25/6
f 3987/25/6 3985/25/6 3988/25/6
f 3986/25/6 3987/25/6 3990/25/6
f 3990/25/6 3987/25/6 3991/25/6
f 3988/25/6 3989/25/6 3992/25/6
f 3992/25/6 3989/25/6 3993/25/6
f 3991/25/6 3992/25/6 3994/25/6
f 3994/25/6 3992/25/6 3995/25/6
f 3994/15/6 3995/15/6 3998/15/6
f 3998/15/6 3995/15/6 3999/15/6
f 3996/9/6 3997/9/6 4000/9/6
f 4000/9/6 3997/9/6 4001/9/6
f 3998/15/6 3999/15/6 4002/15/6
f 4002/15/6 3999/15/6 4003/15/6
f 4000/9/6 4001/9/6 4004/9/6
f 4002/23/6 4003/23/6 4009/23/6
f 4009/23/6 4003/23/6 4010/23/6
f 4004/9/6 4001/9/6 4011/9/6
f 4011/9/6 4001/9/6 4012/9/6
f 4005/23/6 4006/23/6 4013/23/6
f 4009/25/6 4010/25/6 4014/25/6
f 4014/25/6 4010/25/6 4015/25/6
f 4005/23/6 4013/23/6 4016/23/6
f 4016/23/6 4013/23/6 4017/23/6
f 4007/23/6 4008/23/6 4018/23/6
f 4018/23/6 4008/23/6 4019/23/6
f 4020/21/6 4021/21/6 4026/21/6
f 4026/21/6 4021/21/6 4027/21/6
f 4022/23/6 4023/23/6 4028/23/6
f 4023/19/6 4024/19/6 4029/19/6
f 4028/23/6 4023/23/6 4029/23/6
f 4024/23/6 4025/23/6 4030/23/6
f 4029/19/6 4024/19/6 4030/19/6
f 4030/23/6 4025/23/6 4031/23/6
f 4032/25/6 4033/25/6 4034/25/6
f 4034/25/6 4033/25/6 4035/25/6
f 4036/23/6 4037/23/6 4040/23/6
f 4040/23/6 4037/23/6 4041/23/6
f 4038/23/6 4039/23/6 4042/23/6
f 4042/23/6 4039/23/6 4043/23/6
f 4044/21/6 4045/21/6 4046/21/6
f 4046/21/6 4045/21/6 4047/21/6
f 4050/23/6 4051/23/6 4052/23/6
f 4052/23/6 4051/23/6 4053/23/6
f 4048/23/6 4049/23/6 4054/23/6
f 4054/23/6 4049/23/6 4055/23/6
f 4056/23/6 4057/23/6 4063/23/6
f 4063/23/6 4057/23/6 4064/23/6
f 4058/23/6 4059/23/6 4065/23/6
f 4065/23/6 4059/23/6 4066/23/6
f 4060/23/6 4061/23/6 4067/23/6
f 4067/23/6 4061/23/6 4068/23/6
f 4062/23/6 4063/23/6 4069/23/6
f 4069/23/6 4063/23/6 4070/23/6
f 4071/10/6 4072/10/6 4079/10/6
f 4079/10/6 4072/10/6 4080/10/6
f 4073/10/6 4074/10/6 4081/10/6
f 4081/10/6 4074/10/6 4082/10/6
f 4075/23/6 4076/23/6 4086/23/6
f 4086/23/6 4076/23/6 4087/23/6
f 4077/24/6 4078/24/6 4088/24/6
f 4088/24/6 4078/24/6 4089/24/6
f 4080/6/6 4081/6/6 4090/6/6
f 4090/6/6 4081/6/6 4091/6/6
f 4083/23/6 4084/23/6 4092/23/6
f 4092/23/6 4084/23/6 4093/23/6
f 4085/23/6 4086/23/6 4094/23/6
f 4094/23/6 4086/23/6 4095/23/6
f 4096/23/6 4097/23/6 4098/23/6
f 4098/23/6 4097/23/6 4099/23/6
f 4100/23/6 4101/23/6 4102/23/6
f 4102/23/6 4101/23/6 4103/23/6
f 4104/23/6 4105/23/6 4112/23/6
f 4112/23/6 4105/23/6 4113/23/6
f 4106/10/6 4107/10/6 4114/10/6
f 4114/10/6 4107/10/6 4115/10/6
f 4108/10/6 4109/10/6 4118/10/6
f 4118/10/6 4109/10/6 4119/10/6
f 4110/23/6 4111/23/6 4120/23/6
f 4120/23/6 4111/23/6 4121/23/6
f 4115/10/6 4116/10/6 4124/10/6
f 4124/10/6 4116/10/6 4125/10/6
f 4117/10/6 4118/10/6 4126/10/6
f 4126/10/6 4118/10/6 4127/10/6
f 4122/19/6 4123/19/6 4128/19/6
f 4128/19/6 4123/19/6 4129/19/6
f 4128/23/6 4129/23/6 4130/23/6
f 4130/23/6 4129/23/6 4131/23/6
f 4132/23/6 4133/23/6 4134/23/6
f 4134/23/6 4133/23/6 4135/23/6
f 4136/23/6 4137/23/6 4142/23/6
f 4142/23/6 4137/23/6 4143/23/6
f 4138/21/6 4139/21/6 4145/21/6
f 4145/21/6 4139/21/6 4146/21/6
f 4140/23/6 4141/23/6 4148/23/6
f 4148/23/6 4141/23/6 4149/23/6
f 4143/10/6 4144/10/6 4150/10/6
f 4150/10/6 4144/10/6 4151/10/6
f 4147/10/6 4148/10/6 4152/10/6
f 4152/10/6 4148/10/6 4153/10/6
f 4154/23/6 4155/23/6 4162/23/6
f 4162/23/6 4155/23/6 4163/23/6
f 4156/23/6 4157/23/6 4164/23/6
f 4164/23/6 4157/23/6 4165/23/6
f 4158/23/6 4159/23/6 4166/23/6
f 4166/23/6 4159/23/6 4167/23/6
f 4160/19/6 4161/19/6 4168/19/6
f 4168/19/6 4161/19/6 4169/19/6
f 4170/21/6 4171/21/6 4174/21/6
f 4174/21/6 4171/21/6 4175/21/6
f 4172/21/6 4173/21/6 4176/21/6
f 4176/21/6 4173/21/6 4177/21/6
f 4178/23/6 4179/23/6 4182/23/6
f 4182/23/6 4179/23/6 4183/23/6
f 4180/23/6 4181/23/6 4184/23/6
f 4184/23/6 4181/23/6 4187/23/6
f 4187/23/6 4181/23/6 4188/23/6
f 4185/23/6 4186/23/6 4189/23/6
f 4189/23/6 4186/23/6 4190/23/6
f 4191/23/6 4192/23/6 4195/23/6
f 4195/23/6 4192/23/6 4196/23/6
f 4193/23/6 4194/23/6 4197/23/6
f 4197/23/6 4194/23/6 4198/23/6
f 4199/25/6 4200/25/6 4205/25/6
f 4200/21/6 4201/21/6 4206/21/6
f 4205/25/6 4200/25/6 4206/25/6
f 4206/21/6 4201/21/6 4207/21/6
f 4202/21/6 4203/21/6 4208/21/6
f 4203/25/6 4204/25/6 4209/25/6
f 4208/21/6 4203/21/6 4209/21/6
f 4209/25/6 4204/25/6 4210/25/6
f 4211/23/6 4212/23/6 4215/23/6
f 4215/23/6 4212/23/6 4216/23/6
f 4213/23/6 4214/23/6 4217/23/6
f 4217/23/6 4214/23/6 4218/23/6
f 4219/23/6 4220/23/6 4221/23/6
f 4221/23/6 4220/23/6 4222/23/6
f 4223/23/6 4224/23/6 4227/23/6
f 4225/23/6 4226/23/6 4230/23/6
f 4230/23/6 4226/23/6 4231/23/6
f 4228/19/6 4229/19/6 4232/19/6
f 4232/19/6 4229/19/6 4233/19/6
f 4227/23/6 4224/23/6 4234/23/6
f 4232/23/6 4233/23/6 4235/23/6
f 4235/23/6 4233/23/6 4236/23/6
f 4235/19/6 4236/19/6 4237/19/6
f 4237/19/6 4236/19/6 4238/19/6
f 4234/23/6 4224/23/6 4243/23/6
f 4243/23/6 4224/23/6 4244/23/6
f 4239/23/6 4240/23/6 4245/23/6
f 4245/23/6 4240/23/6 4246/23/6
f 4241/23/6 4242/23/6 4247/23/6
f 4247/23/6 4242/23/6 4248/23/6
f 4251/19/6 4252/19/6 4262/19/6
f 4262/19/6 4252/19/6 4263/19/6
f 4253/23/6 4254/23/6 4266/23/6
f 4254/23/6 4255/23/6 4266/23/6
f 4266/23/6 4255/23/6 4267/23/6
f 4267/23/6 4255/23/6 4268/23/6
f 4256/23/6 4257/23/6 4269/23/6
f 4257/23/6 4258/23/6 4269/23/6
f 4269/23/6 4258/23/6 4270/23/6
f 4270/23/6 4258/23/6 4271/23/6
f 4259/23/6 4260/23/6 4273/23/6
f 4260/19/6 4261/19/6 4274/19/6
f 4273/23/6 4260/23/6 4274/23/6
f 4274/19/6 4261/19/6 4275/19/6
f 4275/19/6 4261/19/6 4276/19/6
f 4249/23/6 4250/23/6 4277/23/6
f 4277/23/6 4250/23/6 4278/23/6
f 4264/23/6 4265/23/6 4279/23/6
f 4279/23/6 4265/23/6 4280/23/6
f 4272/23/6 4273/23/6 4281/23/6
f 4281/23/6 4273/23/6 4282/23/6
f 4275/24/6 4276/24/6 4283/24/6
f 4277/24/6 4278/24/6 4284/24/6
f 4284/24/6 4278/24/6 4285/24/6
f 4283/24/6 4276/24/6 4286/24/6
f 4286/24/6 4276/24/6 4287/24/6
f 4284/23/6 4285/23/6 4288/23/6
f 4288/23/6 4285/23/6 4289/23/6
f 4286/23/6 4287/23/6 4295/23/6
f 4290/23/6 4291/23/6 4296/23/6
f 4296/23/6 4291/23/6 4297/23/6
f 4292/17/6 4293/17/6 4298/17/6
f 4298/17/6 4293/17/6 4299/17/6
f 4294/23/6 4295/23/6 4300/23/6
f 4295/23/6 4287/23/6 4301/23/6
f 4300/23/6 4295/23/6 4301/23/6
f 4302/23/6 4303/23/6 4304/23/6
f 4302/23/6 4304/23/6 4309/23/6
f 4304/19/6 4305/19/6 4309/19/6
f 4309/19/6 4305/19/6 4310/19/6
f 4306/23/6 4307/23/6 4311/23/6
f 4307/19/6 4308/19/6 4312/19/6
f 4311/23/6 4307/23/6 4312/23/6
f 4312/19/6 4308/19/6 4313/19/6
f 4302/23/6 4309/23/6 4314/23/6
f 4314/23/6 4309/23/6 4315/23/6
f 4312/23/6 4313/23/6 4322/23/6
f 4322/23/6 4313/23/6 4323/23/6
f 4316/23/6 4317/23/6 4324/23/6
f 4324/23/6 4317/23/6 4325/23/6
f 4318/24/6 4319/24/6 4326/24/6
f 4326/24/6 4319/24/6 4327/24/6
f 4320/24/6 4321/24/6 4328/24/6
f 4328/24/6 4321/24/6 4329/24/6
f 4330/17/6 4331/17/6 4334/17/6
f 4334/17/6 4331/17/6 4335/17/6
f 4335/17/6 4331/17/6 4336/17/6
f 4332/17/6 4333/17/6 4337/17/6
f 4337/17/6 4333/17/6 4338/17/6
f 4338/17/6 4333/17/6 4339/17/6
f 4340/16/6 4341/16/6 4342/16/6
f 4342/16/6 4341/16/6 4343/16/6
f 4344/16/6 4345/16/6 4349/16/6
f 4345/23/6 4346/23/6 4350/23/6
f 4349/16/6 4345/16/6 4350/16/6
f 4350/23/6 4346/23/6 4351/23/6
f 4347/23/6 4348/23/6 4355/23/6
f 4353/16/6 4354/16/6 4356/16/6
f 4356/16/6 4354/16/6 4357/16/6
f 4351/23/6 4352/23/6 4359/23/6
f 4347/23/6 4355/23/6 4360/23/6
f 4355/17/6 4356/17/6 4361/17/6
f 4360/23/6 4355/23/6 4361/23/6
f 4361/17/6 4356/17/6 4362/17/6
f 4358/23/6 4359/23/6 4370/23/6
f 4359/23/6 4352/23/6 4371/23/6
f 4370/23/6 4359/23/6 4371/23/6
f 4371/23/6 4352/23/6 4372/23/6
f 4362/23/6 4363/23/6 4373/23/6
f 4363/24/6 4364/24/6 4374/24/6
f 4373/23/6 4363/23/6 4374/23/6
f 4364/23/6 4365/23/6 4375/23/6
f 4374/24/6 4364/24/6 4375/24/6
f 4375/23/6 4365/23/6 4376/23/6
f 4366/23/6 4367/23/6 4377/23/6
f 4367/23/6 4368/23/6 4377/23/6
f 4368/19/6 4369/19/6 4378/19/6
f 4377/23/6 4368/23/6 4378/23/6
f 4369/23/6 4370/23/6 4379/23/6
f 4378/19/6 4369/19/6 4379/19/6
f 4370/19/6 4371/19/6 4380/19/6
f 4379/23/6 4370/23/6 4380/23/6
f 4380/19/6 4371/19/6 4381/19/6
f 4382/16/6 4383/16/6 4386/16/6
f 4386/16/6 4383/16/6 4387/16/6
f 4384/16/6 4385/16/6 4388/16/6
f 4388/16/6 4385/16/6 4389/16/6
f 4390/16/6 4391/16/6 4395/16/6
f 4395/16/6 4391/16/6 4396/16/6
f 4392/16/6 4393/16/6 4397/16/6
f 4397/16/6 4393/16/6 4398/16/6
f 4394/16/6 4395/16/6 4400/16/6
f 4398/23/6 4399/23/6 4402/23/6
f 4397/23/6 4398/23/6 4402/23/6
f 4402/23/6 4399/23/6 4403/23/6
f 4397/23/6 4402/23/6 4405/23/6
f 4405/23/6 4402/23/6 4406/23/6
f 4403/16/6 4404/16/6 4407/16/6
f 4407/16/6 4404/16/6 4408/16/6
f 4394/16/6 4400/16/6 4409/16/6
f 4400/23/6 4401/23/6 4410/23/6
f 4409/16/6 4400/16/6 4410/16/6
f 4410/23/6 4401/23/6 4411/23/6
f 4411/23/6 4401/23/6 4412/23/6
f 4407/23/6 4408/23/6 4413/23/6
f 4406/23/6 4407/23/6 4413/23/6
f 4413/23/6 4408/23/6 4414/23/6
f 4410/23/6 4411/23/6 4415/23/6
f 4409/23/6 4410/23/6 4415/23/6
f 4415/23/6 4411/23/6 4416/23/6
f 4417/17/6 4418/17/6 4423/17/6
f 4423/17/6 4418/17/6 4424/17/6
f 4419/17/6 4420/17/6 4425/17/6
f 4425/17/6 4420/17/6 4426/17/6
f 4421/17/6 4422/17/6 4427/17/6
f 4427/17/6 4422/17/6 4428/17/6
f 4429/16/6 4430/16/6 4431/16/6
f 4431/16/6 4430/16/6 4432/16/6
f 4432/16/6 4433/16/6 4436/16/6
f 4436/16/6 4433/16/6 4437/16/6
f 4437/16/6 4438/16/6 4439/16/6
f 4434/16/6 4435/16/6 4442/16/6
f 4439/16/6 4440/16/6 4443/16/6
f 4437/16/6 4439/16/6 4443/16/6
f 4443/16/6 4440/16/6 4444/16/6
f 4441/16/6 4442/16/6 4445/16/6
f 4442/16/6 4435/16/6 4446/16/6
f 4445/16/6 4442/16/6 4446/16/6
f 4447/17/6 4448/17/6 4451/17/6
f 4451/17/6 4448/17/6 4452/17/6
f 4452/17/6 4448/17/6 4453/17/6
f 4449/17/6 4450/17/6 4454/17/6
f 4454/17/6 4450/17/6 4455/17/6
f 4455/17/6 4450/17/6 4456/17/6
f 4457/16/6 4458/16/6 4462/16/6
f 4462/16/6 4458/16/6 4463/16/6
f 4459/16/6 4460/16/6 4464/16/6
f 4464/16/6 4460/16/6 4465/16/6
f 4461/16/6 4462/16/6 4467/16/6
f 4467/16/6 4462/16/6 4468/16/6
f 4465/16/6 4466/16/6 4469/16/6
f 4469/16/6 4466/16/6 4470/16/6
f 4470/16/6 4471/16/6 4474/16/6
f 4474/16/6 4471/16/6 4475/16/6
f 4472/16/6 4473/16/6 4476/16/6
f 4476/16/6 4473/16/6 4477/16/6
f 4478/16/6 4479/16/6 4482/16/6
f 4482/16/6 4479/16/6 4483/16/6
f 4480/16/6 4481/16/6 4484/16/6
f 4484/16/6 4481/16/6 4485/16/6
f 4488/16/6 4489/16/6 4490/16/6
f 4490/16/6 4489/16/6 4491/16/6
f 4486/16/6 4487/16/6 4492/16/6
f 4492/16/6 4487/16/6 4493/16/6
f 4494/24/6 4495/24/6 4499/24/6
f 4499/24/6 4495/24/6 4500/24/6
f 4496/24/6 4497/24/6 4501/24/6
f 4501/24/6 4497/24/6 4502/24/6
f 4498/24/6 4499/24/6 4504/24/6
f 4504/24/6 4499/24/6 4505/24/6
f 4502/24/6 4503/24/6 4506/24/6
f 4506/24/6 4503/24/6 4507/24/6
f 4510/24/6 4511/24/6 4512/24/6
f 4512/24/6 4511/24/6 4513/24/6
f 4508/24/6 4509/24/6 4514/24/6
f 4514/24/6 4509/24/6 4515/24/6
f 4516/24/6 4517/24/6 4520/24/6
f 4520/24/6 4517/24/6 4521/24/6
f 4518/24/6 4519/24/6 4522/24/6
f 4522/24/6 4519/24/6 4523/24/6
f 4521/23/6 4522/23/6 4524/23/6
f 4524/23/6 4522/23/6 4525/23/6
f 4526/23/6 4527/23/6 4528/23/6
f 4528/23/6 4527/23/6 4529/23/6
f 4530/23/6 4531/23/6 4534/23/6
f 4532/23/6 4533/23/6 4535/23/6
f 4535/23/6 4533/23/6 4536/23/6
f 4530/23/6 4534/23/6 4537/23/6
f 4537/23/6 4534/23/6 4538/23/6
f 4539/23/6 4540/23/6 4541/23/6
f 4541/23/6 4540/23/6 4542/23/6
f 4543/23/6 4544/23/6 4547/23/6
f 4547/23/6 4544/23/6 4548/23/6
f 4545/23/6 4546/23/6 4549/23/6
f 4549/23/6 4546/23/6 4550/23/6
f 4551/23/6 4552/23/6 4555/23/6
f 4555/23/6 4552/23/6 4556/23/6
f 4553/24/6 4554/24/6 4557/24/6
f 4557/24/6 4554/24/6 4558/24/6
f 4559/23/6 4560/23/6 4564/23/6
f 4560/24/6 4561/24/6 4565/24/6
f 4564/23/6 4560/23/6 4565/23/6
f 4561/23/6 4562/23/6 4566/23/6
f 4565/24/6 4561/24/6 4566/24/6
f 4566/23/6 4562/23/6 4567/23/6
f 4563/23/6 4564/23/6 4569/23/6
f 4569/23/6 4564/23/6 4570/23/6
f 4567/23/6 4568/23/6 4573/23/6
f 4573/23/6 4568/23/6 4574/23/6
f 4571/23/6 4572/23/6 4575/23/6
f 4572/23/6 4573/23/6 4575/23/6
f 4570/23/6 4571/23/6 4575/23/6
f 4575/23/6 4573/23/6 4576/23/6
f 4577/23/6 4578/23/6 4579/23/6
f 4579/23/6 4578/23/6 4580/23/6
f 4577/23/6 4579/23/6 4581/23/6
f 4579/24/6 4580/24/6 4582/24/6
f 4581/23/6 4579/23/6 4582/23/6
f 4580/23/6 4578/23/6 4583/23/6
f 4582/24/6 4580/24/6 4583/24/6
f 4583/23/6 4578/23/6 4584/23/6
